Player,Nation,Pos,Squad,Age,Born,90s,Total_Cmp,Total_Att,Total_Cmp%,Total_TotDist,Total_PrgDist,Short_Cmp,Short_Att,Short_Cmp%,Medium_Cmp,Medium_Att,Medium_Cmp%,Long_Cmp,Long_Att,Long_Cmp%,Ast,xAG,Expected_xA,Expected_A-xAG,KP,1/3,PPA,CrsPA,PrgP
Max Aarons,ENG,DF,Bournemouth,24.0,2000.0,1.0,50,63,79.4,887,361,21,25,84.0,24,29,82.8,4,7,57.1,0,0.0,0.0,0.0,0,8,0,0,8
Joshua Acheampong,ENG,DF,Chelsea,18.0,2006.0,1.9,104,124,83.9,2025,705,29,32,90.6,63,68,92.6,11,20,55.0,0,0.0,0.0,0.0,0,6,0,0,8
Tyler Adams,USA,MF,Bournemouth,25.0,1999.0,21.8,902,1069,84.4,14322,3525,437,489,89.4,393,443,88.7,38,65,58.5,3,1.0,0.8,2.0,18,67,4,1,76
Tosin Adarabioyo,ENG,DF,Chelsea,26.0,1997.0,15.7,1079,1184,91.1,19805,7144,406,425,95.5,603,636,94.8,66,109,60.6,1,0.2,0.2,0.8,1,62,1,0,42
Simon Adingra,CIV,"FW,MF",Brighton,22.0,2002.0,12.2,290,382,75.9,4148,820,187,217,86.2,81,109,74.3,16,29,55.2,2,2.5,2.8,-0.5,16,5,17,6,18
Emmanuel Agbadou,CIV,DF,Wolves,27.0,1997.0,15.7,855,1001,85.4,17344,6203,276,299,92.3,466,501,93.0,107,181,59.1,0,0.2,0.3,-0.2,4,40,1,0,31
Asher Agbinone,ENG,MF,Crystal Palace,18.0,2005.0,0.1,2,3,66.7,32,0,1,1,100.0,1,2,50.0,0,0,,0,0.0,0.0,0.0,1,0,0,0,0
Ola Aina,NGA,DF,Nott'ham Forest,27.0,1996.0,33.3,994,1352,73.5,15371,6297,530,598,88.6,374,502,74.5,57,166,34.3,1,1.4,2.2,-0.4,16,85,23,11,107
Rayan Aït-Nouri,ALG,DF,Wolves,23.0,2001.0,34.5,1449,1721,84.2,19837,5926,897,959,93.5,435,499,87.2,48,118,40.7,7,5.5,4.0,1.5,46,77,30,10,108
Kristoffer Ajer,NOR,DF,Brentford,26.0,1998.0,16.0,504,644,78.3,7868,2831,260,299,87.0,199,248,80.2,27,54,50.0,0,1.2,0.5,-1.2,8,44,7,4,56
Manuel Akanji,SUI,DF,Manchester City,29.0,1995.0,22.4,1632,1744,93.6,27046,7578,776,812,95.6,757,795,95.2,84,113,74.3,0,0.4,1.3,-0.4,9,177,11,2,158
Nathan Aké,NED,DF,Manchester City,29.0,1995.0,7.5,509,542,93.9,8321,2950,248,253,98.0,237,244,97.1,20,34,58.8,0,0.0,0.2,0.0,1,42,1,0,50
Carlos Alcaraz,ARG,MF,Southampton,21.0,2002.0,0.1,13,13,100.0,221,66,7,7,100.0,4,4,100.0,2,2,100.0,0,0.1,0.0,-0.1,1,4,1,1,6
Carlos Alcaraz,ARG,"FW,MF",Everton,21.0,2002.0,8.5,224,278,80.6,3963,1007,96,112,85.7,95,107,88.8,24,37,64.9,3,1.6,0.7,1.4,13,20,18,3,42
Trent Alexander-Arnold,ENG,DF,Liverpool,25.0,1998.0,26.3,1448,1971,73.5,27901,11363,632,704,89.8,589,771,76.4,203,418,48.6,6,7.3,7.4,-1.3,52,207,65,20,232
Alisson,BRA,GK,Liverpool,31.0,1992.0,27.9,794,959,82.8,17555,11360,229,232,98.7,426,433,98.4,137,289,47.4,0,0.6,0.2,-0.6,1,12,0,0,1
Miguel Almirón,PAR,FW,Newcastle Utd,30.0,1994.0,1.7,54,66,81.8,707,219,39,42,92.9,13,16,81.3,1,3,33.3,0,0.3,0.2,-0.3,3,3,1,0,6
Olabade Aluko,,DF,Leicester City,,,0.0,3,5,60.0,39,0,2,3,66.7,1,2,50.0,0,0,,0,0.0,0.0,0.0,0,0,0,0,0
Edson Álvarez,MEX,MF,West Ham,26.0,1997.0,19.7,861,1003,85.8,14393,4200,424,475,89.3,361,402,89.8,66,92,71.7,1,0.8,0.9,0.2,12,92,12,3,85
Will Alves,ENG,FW,Leicester City,19.0,2005.0,0.0,1,1,100.0,12,0,1,1,100.0,0,0,,0,0,,0,0.0,0.0,0.0,0,0,0,0,0
Harry Amass,ENG,DF,Manchester Utd,17.0,2007.0,3.8,149,181,82.3,1920,387,97,105,92.4,44,56,78.6,3,11,27.3,0,0.0,0.1,0.0,1,5,0,0,7
Samuel Amo-Ameyaw,ENG,"FW,DF",Southampton,18.0,2006.0,0.3,8,9,88.9,107,13,6,6,100.0,2,3,66.7,0,0,,0,0.1,0.1,-0.1,1,0,1,1,0
Mathis Amougou,FRA,MF,Chelsea,18.0,2006.0,0.1,7,7,100.0,69,30,6,6,100.0,1,1,100.0,0,0,,0,0.0,0.0,0.0,0,2,0,0,1
Joachim Andersen,DEN,DF,Crystal Palace,28.0,1996.0,1.0,61,83,73.5,1227,526,19,21,90.5,31,37,83.8,9,21,42.9,0,0.0,0.0,0.0,0,9,1,0,4
Joachim Andersen,DEN,DF,Fulham,28.0,1996.0,28.7,1654,2000,82.7,36471,14436,456,497,91.8,918,985,93.2,269,487,55.2,0,0.5,0.5,-0.5,4,196,6,3,112
Elliot Anderson,ENG,MF,Nott'ham Forest,21.0,2002.0,30.3,1085,1386,78.3,17458,5922,572,640,89.4,402,496,81.0,77,165,46.7,6,3.3,3.6,2.7,37,121,19,2,143
André,BRA,MF,Wolves,23.0,2001.0,27.5,1247,1342,92.9,19660,5471,646,677,95.4,475,500,95.0,80,98,81.6,0,0.8,0.7,-0.8,18,111,5,0,109
Michail Antonio,JAM,FW,West Ham,34.0,1990.0,9.3,114,188,60.6,2183,424,52,72,72.2,37,62,59.7,22,31,71.0,1,1.6,0.9,-0.6,9,11,6,2,18
Antony,BRA,"DF,MF",Manchester Utd,24.0,2000.0,1.6,56,69,81.2,688,111,45,51,88.2,9,14,64.3,1,1,100.0,0,0.1,0.2,-0.1,3,1,5,2,6
Julian Araujo,MEX,DF,Bournemouth,22.0,2001.0,5.5,178,225,79.1,3006,890,84,94,89.4,83,96,86.5,10,29,34.5,0,0.1,0.1,-0.1,1,17,3,2,14
Cameron Archer,ENG,FW,Southampton,23.0,2001.0,16.0,205,251,81.7,2612,367,131,151,86.8,54,59,91.5,5,9,55.6,0,0.5,0.7,-0.5,5,7,7,0,14
Alphonse Areola,FRA,GK,West Ham,31.0,1993.0,25.1,688,989,69.6,18224,12284,153,154,99.4,334,350,95.4,198,473,41.9,0,0.0,0.0,0.0,0,11,0,0,1
Joe Aribo,NGA,"MF,DF",Southampton,28.0,1996.0,22.4,929,1046,88.8,13689,2630,514,563,91.3,357,391,91.3,31,45,68.9,0,1.6,1.3,-1.6,16,51,4,1,75
Adam Armstrong,ENG,"FW,MF",Southampton,27.0,1997.0,13.9,231,288,80.2,3320,446,138,158,87.3,81,95,85.3,6,13,46.2,2,1.2,0.6,0.8,9,10,8,2,21
Harrison Armstrong,ENG,MF,Everton,17.0,2007.0,0.5,7,15,46.7,149,15,3,4,75.0,2,5,40.0,2,4,50.0,0,0.1,0.0,-0.1,1,1,0,0,1
Kepa Arrizabalaga,ESP,GK,Bournemouth,29.0,1994.0,31.0,752,1027,73.2,20531,13943,120,122,98.4,390,397,98.2,241,500,48.2,0,0.0,0.0,0.0,1,10,0,0,2
Marco Asensio,ESP,MF,Aston Villa,28.0,1996.0,8.3,242,313,77.3,3581,1081,138,152,90.8,84,103,81.6,11,33,33.3,1,1.0,1.2,0.0,16,20,11,2,45
Brandon Austin,ENG,GK,Tottenham,25.0,1999.0,1.0,22,32,68.8,526,386,7,7,100.0,9,9,100.0,6,16,37.5,0,0.0,0.0,0.0,0,0,0,0,0
Taiwo Awoniyi,NGA,FW,Nott'ham Forest,26.0,1997.0,4.6,61,96,63.5,705,157,42,59,71.2,14,25,56.0,1,5,20.0,0,0.1,0.1,-0.1,2,5,2,0,7
Yasin Ayari,SWE,MF,Brighton,20.0,2003.0,21.8,793,973,81.5,11915,3328,465,509,91.4,269,319,84.3,40,98,40.8,1,2.3,2.6,-1.3,30,55,18,4,75
Jordan Ayew,GHA,"FW,MF",Crystal Palace,32.0,1991.0,0.2,8,10,80.0,167,4,3,3,100.0,4,6,66.7,1,1,100.0,0,0.0,0.0,0.0,1,0,0,0,0
Jordan Ayew,GHA,"FW,MF",Leicester City,32.0,1991.0,18.2,401,540,74.3,5942,1216,219,252,86.9,138,183,75.4,24,59,40.7,0,1.1,1.5,-1.1,16,25,14,7,46
Benoît Badiashile,FRA,DF,Chelsea,23.0,2001.0,3.7,273,304,89.8,4820,1473,111,119,93.3,135,144,93.8,21,32,65.6,0,0.0,0.1,0.0,0,37,1,0,17
Leon Bailey,JAM,"FW,MF",Aston Villa,26.0,1997.0,12.7,277,390,71.0,4313,1055,152,186,81.7,100,123,81.3,18,38,47.4,2,1.5,3.0,0.5,16,16,20,2,35
Carlos Baleba,CMR,MF,Brighton,20.0,2004.0,29.6,1149,1314,87.4,19305,4741,544,591,92.0,487,528,92.2,94,148,63.5,1,1.3,1.2,-0.3,21,109,23,3,118
Ross Barkley,ENG,MF,Aston Villa,30.0,1993.0,6.5,337,395,85.3,5232,1260,176,201,87.6,142,155,91.6,13,20,65.0,1,0.6,0.4,0.4,9,32,6,0,36
Harvey Barnes,ENG,FW,Newcastle Utd,26.0,1997.0,19.5,474,607,78.1,6642,1989,302,348,86.8,149,204,73.0,14,26,53.8,4,4.0,4.6,0.0,26,25,41,9,83
Calvin Bassey,NGA,DF,Fulham,24.0,1999.0,34.2,1934,2155,89.7,34171,11961,821,862,95.2,941,1003,93.8,140,228,61.4,0,0.1,0.4,-0.1,3,152,3,0,116
Altay Bayındır,TUR,GK,Manchester Utd,26.0,1998.0,4.0,92,152,60.5,2444,1386,13,13,100.0,52,55,94.5,26,81,32.1,0,0.0,0.0,0.0,0,1,0,0,0
Jan Bednarek,POL,DF,Southampton,28.0,1996.0,28.1,1564,1687,92.7,27781,8925,590,620,95.2,856,903,94.8,105,137,76.6,0,0.5,0.9,-0.5,5,72,1,0,60
Armel Bella Kotchap,GER,DF,Southampton,22.0,2001.0,3.7,202,224,90.2,3829,956,65,66,98.5,119,123,96.7,16,29,55.2,0,0.0,0.0,0.0,0,6,0,0,5
Jean-Ricner Bellegarde,HAI,"MF,FW",Wolves,26.0,1998.0,18.6,475,599,79.3,7404,1436,271,304,89.1,152,188,80.9,36,62,58.1,7,3.8,2.8,3.2,27,30,18,8,43
Rodrigo Bentancur,URU,MF,Tottenham,27.0,1997.0,18.3,946,1076,87.9,15392,3700,450,496,90.7,425,459,92.6,47,63,74.6,0,0.4,1.0,-0.4,10,109,13,2,100
Daniel Bentley,ENG,GK,Wolves,31.0,1993.0,2.0,49,65,75.4,1252,851,6,6,100.0,33,33,100.0,10,26,38.5,0,0.0,0.0,0.0,0,1,0,0,0
Sander Berge,NOR,MF,Fulham,26.0,1998.0,24.7,1091,1193,91.5,19377,4626,452,491,92.1,526,557,94.4,96,115,83.5,0,0.6,0.6,-0.6,18,116,5,0,124
Lucas Bergvall,SWE,MF,Tottenham,18.0,2006.0,13.5,629,720,87.4,10567,2202,295,321,91.9,264,294,89.8,53,71,74.6,1,0.6,0.8,0.4,11,53,7,3,49
Victor Bernth Kristiansen,DEN,DF,Leicester City,21.0,2002.0,27.6,1023,1321,77.4,16420,5859,519,581,89.3,418,524,79.8,65,157,41.4,1,1.4,1.7,-0.4,18,76,23,18,70
Beto,GNB,FW,Everton,26.0,1998.0,17.0,156,268,58.2,2060,282,92,137,67.2,44,83,53.0,7,9,77.8,0,1.2,0.5,-1.2,12,7,8,1,16
Philip Billing,DEN,MF,Bournemouth,28.0,1996.0,2.0,70,102,68.6,1023,400,43,51,84.3,19,27,70.4,4,15,26.7,0,1.1,1.0,-1.1,9,9,7,2,15
Yves Bissouma,MLI,MF,Tottenham,27.0,1996.0,15.6,755,852,88.6,11376,2858,413,448,92.2,278,300,92.7,36,60,60.0,0,0.3,0.6,-0.3,6,61,10,1,75
Oscar Bobb,NOR,FW,Manchester City,21.0,2003.0,0.2,13,15,86.7,169,33,8,10,80.0,4,4,100.0,0,0,,0,0.1,0.0,-0.1,1,0,1,0,1
Lamare Bogarde,NED,"DF,MF",Aston Villa,20.0,2004.0,5.3,240,272,88.2,3682,1154,129,139,92.8,107,116,92.2,3,9,33.3,0,0.1,0.1,-0.1,2,24,1,0,14
Willy Boly,CIV,DF,Nott'ham Forest,33.0,1991.0,1.7,55,70,78.6,1010,477,20,22,90.9,30,32,93.8,4,15,26.7,0,0.0,0.0,0.0,0,3,0,0,2
Sven Botman,NED,DF,Newcastle Utd,24.0,2000.0,4.6,220,246,89.4,3768,1437,93,107,86.9,103,107,96.3,15,21,71.4,0,0.5,0.2,-0.5,2,13,0,0,7
Jarrod Bowen,ENG,"FW,MF",West Ham,27.0,1996.0,33.0,584,815,71.7,9476,2687,326,388,84.0,187,250,74.8,54,94,57.4,8,6.8,6.5,1.2,51,41,46,8,91
Conor Bradley,NIR,DF,Liverpool,21.0,2003.0,8.4,456,544,83.8,6875,1711,261,286,91.3,175,198,88.4,12,36,33.3,2,1.4,1.4,0.6,7,26,3,1,33
Jarrad Branthwaite,ENG,DF,Everton,22.0,2002.0,27.9,984,1198,82.1,19285,7699,368,409,90.0,488,539,90.5,121,218,55.5,1,0.7,0.6,0.3,3,86,3,0,66
James Bree,ENG,DF,Southampton,26.0,1997.0,11.9,500,599,83.5,7922,2204,243,269,90.3,220,253,87.0,27,52,51.9,1,0.9,0.7,0.1,10,29,7,6,34
Ben Brereton,CHI,FW,Southampton,25.0,1999.0,5.0,128,166,77.1,1836,383,83,95,87.4,36,53,67.9,7,11,63.6,0,0.1,0.1,-0.1,3,9,2,1,9
Nathan Broadhead,WAL,"MF,FW",Ipswich Town,26.0,1998.0,7.8,178,228,78.1,2473,457,110,123,89.4,58,72,80.6,3,12,25.0,0,0.7,1.1,-0.7,7,12,6,0,14
Armando Broja,ALB,FW,Everton,22.0,2001.0,3.7,53,73,72.6,594,101,35,45,77.8,10,12,83.3,2,3,66.7,0,0.2,0.1,-0.2,4,3,0,0,2
David Brooks,WAL,"FW,MF",Bournemouth,27.0,1997.0,10.7,310,411,75.4,4795,1429,176,205,85.9,101,130,77.7,24,47,51.1,0,1.9,2.0,-1.9,20,22,18,6,35
Emi Buendía,ARG,"MF,FW",Aston Villa,27.0,1996.0,1.1,49,60,81.7,624,166,33,36,91.7,12,14,85.7,1,5,20.0,0,0.0,0.0,0.0,1,4,1,0,7
Santiago Bueno,URU,DF,Wolves,25.0,1998.0,18.7,741,842,88.0,13598,4177,260,281,92.5,417,444,93.9,51,91,56.0,0,0.0,0.1,0.0,0,24,2,0,28
Facundo Buonanotte,ARG,"FW,MF",Leicester City,19.0,2004.0,16.9,437,572,76.4,6930,1757,236,276,85.5,150,182,82.4,35,74,47.3,2,3.1,2.3,-1.1,24,41,13,2,54
Cameron Burgess,AUS,DF,Ipswich Town,28.0,1995.0,17.1,626,774,80.9,11461,5485,259,285,90.9,295,340,86.8,64,127,50.4,2,0.5,0.4,1.5,7,47,4,0,42
Dan Burn,ENG,DF,Newcastle Utd,32.0,1992.0,37.0,1774,2006,88.4,32347,11375,621,692,89.7,1029,1088,94.6,110,181,60.8,1,0.9,1.1,0.1,9,50,9,0,75
Wes Burns,WAL,"FW,DF",Ipswich Town,29.0,1994.0,10.3,153,253,60.5,2416,597,82,102,80.4,51,78,65.4,14,36,38.9,1,1.6,1.2,-0.6,10,8,8,7,8
Nathan Butler-Oyedeji,ENG,FW,Arsenal,21.0,2003.0,0.1,0,0,,0,0,0,0,,0,0,,0,0,,0,0.0,0.0,0.0,0,0,0,0,0
Moisés Caicedo,ECU,"MF,DF",Chelsea,22.0,2001.0,37.2,1967,2194,89.7,33834,8949,893,964,92.6,878,951,92.3,159,208,76.4,2,3.0,2.8,-1.0,30,235,34,2,215
Tom Cairney,SCO,MF,Fulham,33.0,1991.0,7.0,569,627,90.7,9151,1910,316,336,94.0,206,223,92.4,42,54,77.8,0,1.1,1.2,-1.1,11,53,7,3,53
Jens Cajuste,SWE,MF,Ipswich Town,24.0,1999.0,21.8,647,783,82.6,10596,2229,301,338,89.1,300,352,85.2,31,61,50.8,1,0.8,0.7,0.2,13,51,6,1,59
Riccardo Calafiori,ITA,DF,Arsenal,22.0,2002.0,10.9,470,549,85.6,6903,1705,280,306,91.5,163,188,86.7,19,28,67.9,1,0.3,0.7,0.7,6,41,9,1,54
Dominic Calvert-Lewin,ENG,FW,Everton,27.0,1997.0,17.9,181,289,62.6,2113,498,130,187,69.5,37,63,58.7,3,8,37.5,1,0.6,0.7,0.4,7,20,5,1,20
Diego Carlos,BRA,DF,Aston Villa,31.0,1993.0,9.2,534,603,88.6,10941,4103,138,151,91.4,341,362,94.2,54,83,65.1,0,0.0,0.1,0.0,0,23,1,0,34
Fabio Carvalho,POR,"FW,MF",Brentford,21.0,2002.0,5.1,126,178,70.8,1755,442,78,94,83.0,32,45,71.1,7,18,38.9,1,0.7,0.6,0.3,4,11,5,1,17
Casemiro,BRA,MF,Manchester Utd,32.0,1992.0,16.6,780,990,78.8,13010,4069,369,425,86.8,313,374,83.7,69,113,61.1,0,2.3,2.0,-2.3,22,81,23,6,84
Kaelan Casey,ENG,DF,West Ham,19.0,2004.0,0.0,0,0,,0,0,0,0,,0,0,,0,0,,0,0.0,0.0,0.0,0,0,0,0,0
Matty Cash,POL,DF,Aston Villa,26.0,1997.0,23.0,732,945,77.5,12171,3259,362,406,89.2,306,389,78.7,52,106,49.1,1,1.1,1.3,-0.1,10,39,10,5,42
Eiran Cashin,IRL,DF,Brighton,22.0,2001.0,0.2,23,28,82.1,407,196,9,10,90.0,13,13,100.0,1,5,20.0,0,0.0,0.0,0.0,0,5,0,0,6
Timothy Castagne,BEL,DF,Fulham,28.0,1995.0,18.3,780,953,81.8,12441,3910,397,442,89.8,328,382,85.9,37,75,49.3,1,1.2,0.6,-0.2,9,51,5,3,62
Trevoh Chalobah,ENG,DF,Crystal Palace,25.0,1999.0,11.8,349,442,79.0,6831,2195,125,141,88.7,178,209,85.2,42,82,51.2,0,0.4,0.3,-0.4,4,27,2,1,34
Trevoh Chalobah,ENG,DF,Chelsea,25.0,1999.0,10.1,609,677,90.0,10527,3326,267,281,95.0,300,314,95.5,38,72,52.8,1,1.2,0.3,-0.2,3,42,3,0,37
Conor Chaplin,ENG,"MF,FW",Ipswich Town,27.0,1997.0,9.5,235,319,73.7,3800,927,112,140,80.0,104,127,81.9,11,27,40.7,1,0.7,0.6,0.3,8,21,7,2,29
Youssef Chermiti,POR,"FW,MF",Everton,20.0,2004.0,0.5,6,11,54.5,78,14,4,7,57.1,0,1,0.0,1,1,100.0,0,0.0,0.0,0.0,0,1,0,0,1
Federico Chiesa,ITA,FW,Liverpool,26.0,1997.0,1.2,27,31,87.1,373,131,17,18,94.4,6,8,75.0,2,2,100.0,0,0.2,0.2,-0.2,2,4,1,0,3
Ben Chilwell,ENG,DF,Crystal Palace,27.0,1996.0,2.9,92,125,73.6,1512,497,48,55,87.3,36,45,80.0,6,18,33.3,0,0.8,0.9,-0.8,5,7,3,0,8
Chiquinho,POR,MF,Wolves,24.0,2000.0,0.1,3,3,100.0,71,22,1,1,100.0,1,1,100.0,1,1,100.0,0,0.0,0.0,0.0,1,0,1,1,0
Hamza Choudhury,BAN,"MF,DF",Leicester City,26.0,1997.0,1.5,72,84,85.7,991,249,47,50,94.0,23,29,79.3,2,4,50.0,0,0.4,0.2,-0.4,2,10,1,1,3
Ryan Christie,SCO,MF,Bournemouth,29.0,1995.0,23.5,837,1056,79.3,14882,4269,368,417,88.2,378,430,87.9,82,168,48.8,3,3.5,3.0,-0.5,41,118,33,5,137
Harry Clarke,ENG,DF,Ipswich Town,23.0,2001.0,4.2,190,236,80.5,3442,1226,87,95,91.6,77,88,87.5,23,40,57.5,0,0.0,0.1,0.0,1,21,1,0,14
Jack Clarke,ENG,"FW,MF",Ipswich Town,23.0,2000.0,13.1,302,393,76.8,4942,1242,151,173,87.3,131,153,85.6,16,31,51.6,4,2.3,1.2,1.7,28,27,9,0,44
Nathaniel Clyne,ENG,"DF,MF",Crystal Palace,33.0,1991.0,5.4,171,225,76.0,3113,1102,72,89,80.9,84,95,88.4,14,30,46.7,0,0.3,0.2,-0.3,3,16,2,1,7
Conor Coady,ENG,DF,Leicester City,31.0,1993.0,19.0,977,1072,91.1,17121,6371,405,418,96.9,507,523,96.9,61,112,54.5,0,0.1,0.5,-0.1,1,34,2,0,32
Séamus Coleman,IRL,DF,Everton,35.0,1988.0,2.4,74,98,75.5,1299,642,36,38,94.7,27,34,79.4,8,19,42.1,0,0.0,0.0,0.0,0,8,2,0,11
Nathan Collins,IRL,DF,Brentford,23.0,2001.0,38.0,1705,1985,85.9,32826,10799,557,635,87.7,989,1068,92.6,145,239,60.7,3,1.8,1.6,1.2,10,111,7,2,127
Toby Collyer,ENG,MF,Manchester Utd,20.0,2004.0,2.0,76,92,82.6,1127,121,37,43,86.0,32,37,86.5,3,4,75.0,0,0.3,0.4,-0.3,2,3,1,0,5
Levi Colwill,ENG,DF,Chelsea,21.0,2003.0,35.0,2338,2619,89.3,42476,14955,813,880,92.4,1357,1426,95.2,142,253,56.1,1,1.1,1.2,-0.1,14,148,7,3,131
Lewis Cook,ENG,"MF,DF",Bournemouth,27.0,1997.0,33.1,1224,1585,77.2,21139,7153,542,635,85.4,546,641,85.2,109,240,45.4,3,4.1,3.8,-1.1,48,157,26,11,158
Maxwel Cornet,CIV,FW,Southampton,27.0,1996.0,0.8,17,22,77.3,262,37,9,10,90.0,6,8,75.0,1,2,50.0,0,0.0,0.0,0.0,0,0,0,0,0
Vladimír Coufal,CZE,DF,West Ham,31.0,1992.0,11.9,470,598,78.6,7419,2842,247,272,90.8,184,228,80.7,28,72,38.9,0,0.7,1.0,-0.7,8,44,13,8,39
Woyo Coulibaly,MLI,DF,Leicester City,25.0,1999.0,1.2,48,57,84.2,797,314,28,34,82.4,16,19,84.2,4,4,100.0,0,0.0,0.0,0.0,0,3,0,0,3
Aaron Cresswell,ENG,DF,West Ham,34.0,1989.0,9.2,504,610,82.6,9299,3625,229,249,92.0,212,241,88.0,58,107,54.2,0,1.3,1.9,-1.3,9,52,5,2,36
Marc Cucurella,ESP,DF,Chelsea,26.0,1998.0,33.2,1680,1916,87.7,26450,7598,841,895,94.0,737,824,89.4,69,123,56.1,1,2.1,2.4,-1.1,19,121,12,3,118
Jorge Cuenca,ESP,DF,Fulham,24.0,1999.0,3.9,145,173,83.8,2483,858,51,56,91.1,83,93,89.2,7,20,35.0,0,0.0,0.0,0.0,0,7,0,0,10
Matheus Cunha,BRA,"MF,FW",Wolves,25.0,1999.0,28.9,811,1133,71.6,12850,4384,460,539,85.3,228,300,76.0,87,197,44.2,6,7.7,5.3,-1.7,56,92,58,10,144
Patson Daka,ZAM,"FW,MF",Leicester City,25.0,1998.0,8.2,106,147,72.1,1475,257,64,80,80.0,33,45,73.3,3,3,100.0,0,0.1,0.1,-0.1,1,6,1,0,8
Diogo Dalot,POR,DF,Manchester Utd,25.0,1999.0,31.3,1347,1673,80.5,21723,6617,694,773,89.8,525,641,81.9,95,170,55.9,3,2.0,2.5,1.0,26,61,25,8,103
Mikkel Damsgaard,DEN,"MF,FW",Brentford,24.0,2000.0,32.3,1107,1529,72.4,19063,7512,551,642,85.8,390,531,73.4,134,262,51.1,10,8.4,7.0,1.6,63,167,73,17,234
Danilo,BRA,"MF,FW",Nott'ham Forest,23.0,2001.0,3.1,94,121,77.7,1541,549,44,52,84.6,39,46,84.8,7,12,58.3,0,0.0,0.0,0.0,0,13,0,0,11
Jayden Danns,ENG,MF,Liverpool,18.0,2006.0,0.1,1,1,100.0,6,0,1,1,100.0,0,0,,0,0,,0,0.0,0.0,0.0,0,0,0,0,0
Kevin Danso,AUT,DF,Tottenham,25.0,1998.0,9.4,480,555,86.5,9082,2716,146,163,89.6,297,320,92.8,33,61,54.1,0,0.1,0.1,-0.1,2,22,2,1,19
Ben Davies,WAL,DF,Tottenham,31.0,1993.0,14.8,896,1023,87.6,16735,6614,302,335,90.1,501,530,94.5,77,124,62.1,0,0.2,0.5,-0.2,2,47,2,0,52
Leif Davis,ENG,DF,Ipswich Town,24.0,2000.0,30.5,919,1284,71.6,15858,6353,430,499,86.2,396,509,77.8,79,213,37.1,2,4.9,4.7,-2.9,61,33,28,12,59
Craig Dawson,ENG,DF,Wolves,34.0,1990.0,10.8,484,559,86.6,9745,3180,149,161,92.5,267,287,93.0,57,95,60.0,0,0.0,0.1,0.0,2,22,1,0,20
Kevin De Bruyne,BEL,"MF,FW",Manchester City,33.0,1991.0,18.9,908,1196,75.9,15487,4454,459,537,85.5,346,449,77.1,90,159,56.6,7,8.0,6.7,-1.0,57,88,59,13,157
Bobby De Cordova-Reid,JAM,FW,Leicester City,31.0,1993.0,8.3,145,206,70.4,1883,587,88,108,81.5,39,53,73.6,5,15,33.3,2,1.2,0.2,0.8,6,9,5,0,15
Liam Delap,ENG,FW,Ipswich Town,21.0,2003.0,28.8,219,357,61.3,3011,657,123,174,70.7,69,108,63.9,9,24,37.5,2,1.9,1.4,0.1,21,17,6,0,30
Sepp van den Berg,NED,DF,Brentford,22.0,2001.0,28.7,1092,1278,85.4,19151,6135,455,518,87.8,556,620,89.7,73,110,66.4,0,0.8,0.5,-0.8,6,64,3,1,79
Justin Devenny,NIR,MF,Crystal Palace,20.0,2003.0,5.6,148,205,72.2,2433,730,77,95,81.1,51,71,71.8,14,29,48.3,1,0.6,0.4,0.4,7,22,4,1,21
Kiernan Dewsbury-Hall,ENG,"MF,FW",Chelsea,25.0,1998.0,2.9,127,152,83.6,1898,319,75,82,91.5,47,56,83.9,5,10,50.0,1,1.1,0.2,-0.1,3,12,3,0,14
Amad Diallo,CIV,"MF,FW",Manchester Utd,22.0,2002.0,21.1,795,949,83.8,11030,2193,493,542,91.0,227,264,86.0,40,72,55.6,6,4.9,4.2,1.1,49,27,35,7,60
Rúben Dias,POR,DF,Manchester City,27.0,1997.0,25.2,2167,2317,93.5,37644,12143,900,929,96.9,1118,1159,96.5,120,177,67.8,0,0.3,1.2,-0.3,5,222,12,0,160
Luis Díaz,COL,FW,Liverpool,27.0,1997.0,26.7,736,874,84.2,11789,2533,394,445,88.5,254,295,86.1,60,74,81.1,5,5.0,4.5,0.0,56,48,46,6,110
Tyler Dibling,ENG,"FW,MF",Southampton,18.0,2006.0,20.8,504,620,81.3,7544,1553,286,316,90.5,181,212,85.4,22,48,45.8,0,1.5,1.5,-1.5,20,27,20,1,64
Lucas Digne,FRA,DF,Aston Villa,31.0,1993.0,26.1,956,1277,74.9,15607,5137,483,549,88.0,389,496,78.4,62,155,40.0,4,4.7,4.0,-0.7,36,44,30,19,57
Issa Diop,FRA,DF,Fulham,27.0,1997.0,14.9,663,758,87.5,12350,4179,233,252,92.5,379,408,92.9,46,87,52.9,0,0.1,0.1,-0.1,3,43,1,0,25
Axel Disasi,FRA,DF,Aston Villa,26.0,1998.0,5.4,243,280,86.8,4080,1517,103,109,94.5,131,146,89.7,8,15,53.3,0,0.4,0.3,-0.4,3,14,3,0,16
Axel Disasi,FRA,DF,Chelsea,26.0,1998.0,4.0,266,293,90.8,4218,1367,136,144,94.4,117,126,92.9,9,13,69.2,0,0.1,0.1,-0.1,2,20,2,0,16
Roman Dixon,ENG,DF,Everton,19.0,2004.0,1.0,11,19,57.9,205,111,6,8,75.0,4,8,50.0,1,3,33.3,0,0.0,0.0,0.0,0,3,0,0,0
Nasser Djiga,BFA,DF,Wolves,21.0,2002.0,0.7,40,48,83.3,740,183,9,10,90.0,28,29,96.6,3,8,37.5,0,0.0,0.0,0.0,0,3,0,0,3
Matt Doherty,IRL,DF,Wolves,32.0,1992.0,23.4,1078,1302,82.8,20102,6585,435,483,90.1,514,591,87.0,115,186,61.8,1,1.5,1.2,-0.5,12,94,15,1,79
Jeremy Doku,BEL,"FW,MF",Manchester City,22.0,2002.0,16.8,603,762,79.1,8464,1506,400,463,86.4,183,226,81.0,14,21,66.7,6,4.8,3.8,1.2,32,12,48,6,69
Nicolás Domínguez,ARG,"MF,FW",Nott'ham Forest,26.0,1998.0,21.8,821,947,86.7,11995,3387,463,508,91.1,279,312,89.4,34,55,61.8,1,1.3,1.6,-0.3,13,81,11,1,83
Patrick Dorgu,DEN,DF,Manchester Utd,19.0,2004.0,9.4,400,494,81.0,5631,1295,250,280,89.3,124,159,78.0,12,28,42.9,0,0.7,1.3,-0.7,12,23,11,2,34
Alfie Dorrington,ENG,DF,Tottenham,19.0,2005.0,0.2,15,16,93.8,304,39,6,7,85.7,7,7,100.0,2,2,100.0,0,0.0,0.0,0.0,0,0,0,0,0
Abdoulaye Doucouré,MLI,MF,Everton,31.0,1993.0,28.5,725,903,80.3,10909,2254,382,446,85.7,263,316,83.2,44,60,73.3,2,2.4,1.4,-0.4,28,44,15,0,82
Cheick Doucouré,MLI,MF,Crystal Palace,24.0,2000.0,5.0,174,204,85.3,2909,823,84,94,89.4,70,78,89.7,16,20,80.0,0,0.0,0.1,0.0,1,17,3,0,19
Flynn Downes,ENG,MF,Southampton,25.0,1999.0,23.9,1003,1109,90.4,14646,2893,577,620,93.1,352,382,92.1,37,53,69.8,0,1.1,1.4,-1.1,15,62,12,0,66
Tommy Doyle,ENG,MF,Wolves,22.0,2001.0,5.4,321,392,81.9,6591,2010,112,119,94.1,138,155,89.0,61,93,65.6,1,0.5,0.3,0.5,7,44,3,0,40
Radu Drăgușin,ROU,DF,Tottenham,22.0,2002.0,13.9,716,840,85.2,13638,5250,223,245,91.0,437,470,93.0,47,107,43.9,0,0.4,0.2,-0.4,4,52,2,1,37
Martin Dúbravka,SVK,GK,Newcastle Utd,35.0,1989.0,10.0,265,333,79.6,5932,3082,58,58,100.0,161,161,100.0,45,112,40.2,0,0.0,0.0,0.0,0,0,0,0,0
Lewis Dunk,ENG,DF,Brighton,32.0,1991.0,23.1,1778,1953,91.0,32940,10612,668,693,96.4,954,1002,95.2,143,228,62.7,0,0.5,1.0,-0.5,6,157,6,0,142
Jáder Durán,COL,FW,Aston Villa,20.0,2003.0,7.1,115,163,70.6,1558,307,68,84,81.0,34,50,68.0,5,11,45.5,0,0.2,0.3,-0.2,4,10,1,0,13
Claudio Echeverri,ARG,FW,Manchester City,18.0,2006.0,0.1,3,3,100.0,26,18,1,1,100.0,1,1,100.0,0,0,,0,0.0,0.0,0.0,0,0,0,0,1
Ederson,BRA,GK,Manchester City,30.0,1993.0,25.8,811,923,87.9,19885,13212,142,142,100.0,471,479,98.3,194,297,65.3,4,1.5,0.2,2.5,4,21,1,0,2
George Edmundson,ENG,DF,Ipswich Town,26.0,1997.0,0.0,1,2,50.0,9,0,1,1,100.0,0,0,,0,0,,0,0.0,0.0,0.0,0,0,0,0,0
Odsonne Édouard,FRA,"MF,FW",Crystal Palace,26.0,1998.0,1.3,17,28,60.7,230,46,11,16,68.8,4,7,57.1,1,1,100.0,0,0.0,0.0,0.0,1,2,0,0,4
Odsonne Édouard,FRA,FW,Leicester City,26.0,1998.0,0.3,6,8,75.0,59,5,3,4,75.0,1,1,100.0,0,0,,0,0.0,0.0,0.0,1,0,0,0,1
Samuel Edozie,ENG,"DF,FW",Southampton,21.0,2003.0,0.7,25,33,75.8,316,67,19,21,90.5,6,7,85.7,0,3,0.0,0,0.1,0.2,-0.1,1,0,3,0,4
Ronnie Edwards,ENG,DF,Southampton,21.0,2003.0,0.1,5,5,100.0,109,0,0,0,,5,5,100.0,0,0,,0,0.0,0.0,0.0,0,0,0,0,0
Anthony Elanga,SWE,"FW,MF",Nott'ham Forest,22.0,2002.0,27.8,540,827,65.3,8021,2660,318,387,82.2,150,232,64.7,46,131,35.1,11,5.7,5.1,5.3,50,32,26,8,63
Harvey Elliott,ENG,MF,Liverpool,21.0,2003.0,4.1,240,292,82.2,4164,1016,120,130,92.3,91,108,84.3,22,33,66.7,2,1.1,0.7,0.9,10,26,6,0,44
Yunus Emre Konak,TUR,"FW,MF",Brentford,18.0,2006.0,0.5,26,36,72.2,458,84,13,16,81.3,9,12,75.0,4,5,80.0,0,0.0,0.0,0.0,0,2,0,0,2
Julio Enciso,PAR,"MF,FW",Ipswich Town,20.0,2004.0,9.7,171,248,69.0,2779,819,79,102,77.5,72,97,74.2,10,22,45.5,3,1.4,1.1,1.6,13,18,8,1,28
Julio Enciso,PAR,"MF,FW",Brighton,20.0,2004.0,3.3,99,150,66.0,1464,392,61,75,81.3,29,40,72.5,5,22,22.7,0,0.2,0.3,-0.2,5,13,4,1,14
Wataru Endo,JPN,"MF,DF",Liverpool,31.0,1993.0,3.0,182,194,93.8,2833,700,91,97,93.8,77,80,96.3,8,8,100.0,0,0.1,0.1,-0.1,2,16,1,0,19
Christian Eriksen,DEN,MF,Manchester Utd,32.0,1992.0,11.8,590,749,78.8,9936,3131,312,339,92.0,194,242,80.2,62,130,47.7,2,3.2,2.6,-1.2,31,54,13,6,55
Romain Esse,ENG,MF,Crystal Palace,19.0,2005.0,1.5,32,42,76.2,475,202,20,23,87.0,10,14,71.4,2,4,50.0,1,0.4,0.4,0.6,3,2,1,0,7
Pervis Estupiñán,ECU,DF,Brighton,26.0,1998.0,26.7,1338,1610,83.1,20347,6261,782,839,93.2,451,540,83.5,74,158,46.8,1,2.1,2.5,-1.1,26,105,34,18,132
Evanilson,BRA,FW,Bournemouth,24.0,1999.0,25.8,244,342,71.3,3038,622,154,202,76.2,54,72,75.0,11,16,68.8,1,1.9,1.8,-0.9,26,14,6,0,28
Jake Evans,ENG,FW,Leicester City,15.0,2008.0,0.3,2,3,66.7,24,9,1,1,100.0,1,2,50.0,0,0,,0,0.0,0.0,0.0,0,1,0,0,0
Jonny Evans,NIR,DF,Manchester Utd,36.0,1988.0,3.5,192,217,88.5,3090,906,90,95,94.7,89,100,89.0,7,14,50.0,0,0.0,0.0,0.0,0,10,1,0,10
Eberechi Eze,ENG,"MF,FW",Crystal Palace,26.0,1998.0,28.8,777,1047,74.2,13226,3540,380,449,84.6,299,365,81.9,77,168,45.8,8,6.2,4.7,1.8,58,49,39,4,97
Łukasz Fabiański,POL,GK,West Ham,39.0,1985.0,12.9,332,495,67.1,9586,6808,59,59,100.0,159,160,99.4,114,275,41.5,0,0.0,0.0,0.0,0,5,0,0,0
Wout Faes,BEL,DF,Leicester City,26.0,1998.0,31.3,1376,1564,88.0,25369,9014,537,569,94.4,724,763,94.9,110,204,53.9,0,0.1,0.4,-0.1,4,83,6,0,86
Abdul Fatawu Issahaku,GHA,FW,Leicester City,20.0,2004.0,6.4,123,197,62.4,2150,601,59,81,72.8,45,59,76.3,16,33,48.5,2,1.6,1.4,0.4,6,7,7,2,17
João Félix,POR,"FW,MF",Chelsea,24.0,1999.0,4.1,171,199,85.9,2588,663,95,105,90.5,62,68,91.2,10,15,66.7,1,1.0,0.5,0.0,6,22,8,0,26
Evan Ferguson,IRL,FW,West Ham,19.0,2004.0,1.7,28,37,75.7,375,21,21,26,80.8,5,7,71.4,1,2,50.0,0,0.3,0.3,-0.3,2,1,0,0,1
Evan Ferguson,IRL,FW,Brighton,19.0,2004.0,2.7,43,58,74.1,484,44,31,36,86.1,8,11,72.7,1,4,25.0,0,0.4,0.4,-0.4,3,1,0,0,1
Bruno Fernandes,POR,MF,Manchester Utd,29.0,1994.0,33.5,1707,2242,76.1,30541,10698,802,919,87.3,629,769,81.8,223,405,55.1,10,8.5,8.0,1.5,91,214,85,11,325
Mateus Fernandes,POR,MF,Southampton,20.0,2004.0,32.3,1087,1361,79.9,18406,4369,510,580,87.9,415,483,85.9,110,196,56.1,4,3.0,3.6,1.0,34,98,27,6,145
Enzo Fernández,ARG,MF,Chelsea,23.0,2001.0,32.7,1518,1900,79.9,26776,7512,700,789,88.7,626,737,84.9,157,273,57.5,7,6.8,6.2,0.2,77,167,41,7,212
Mark Flekken,NED,GK,Brentford,31.0,1993.0,36.4,1254,1717,73.0,37000,25308,154,157,98.1,678,695,97.6,422,858,49.2,2,0.5,0.1,1.5,3,50,2,0,0
Phil Foden,ENG,"MF,FW",Manchester City,24.0,2000.0,19.7,791,941,84.1,12385,2615,469,516,90.9,242,271,89.3,67,112,59.8,2,4.8,5.3,-2.8,43,41,39,6,103
Wesley Fofana,FRA,DF,Chelsea,23.0,2000.0,13.0,724,803,90.2,12262,3415,306,326,93.9,385,416,92.5,26,42,61.9,0,0.4,0.2,-0.4,6,54,1,0,32
Carlos Forbs,POR,"MF,FW",Wolves,20.0,2004.0,2.7,60,91,65.9,788,228,39,51,76.5,19,26,73.1,1,5,20.0,0,0.0,0.1,0.0,1,2,3,1,8
Fraser Forster,ENG,GK,Tottenham,36.0,1988.0,7.0,168,198,84.8,3349,2105,54,55,98.2,86,90,95.6,23,47,48.9,0,0.0,0.0,0.0,0,1,0,0,0
Matheus França,BRA,"MF,FW",Crystal Palace,20.0,2004.0,0.6,10,17,58.8,155,75,6,7,85.7,4,6,66.7,0,0,,0,0.0,0.2,0.0,0,1,0,0,3
Ryan Fraser,SCO,"FW,DF",Southampton,30.0,1994.0,3.4,77,103,74.8,1121,208,43,46,93.5,28,40,70.0,3,10,30.0,0,0.1,0.1,-0.1,2,3,1,0,8
Tyler Fredricson,ENG,DF,Manchester Utd,19.0,2005.0,1.8,110,122,90.2,1932,434,47,50,94.0,54,59,91.5,8,9,88.9,0,0.0,0.0,0.0,0,8,0,0,8
Niclas Füllkrug,GER,FW,West Ham,31.0,1993.0,8.8,133,198,67.2,1852,314,83,108,76.9,35,58,60.3,7,13,53.8,2,1.9,0.4,0.1,14,12,5,0,14
Cody Gakpo,NED,FW,Liverpool,25.0,1999.0,21.5,480,634,75.7,6870,1656,298,343,86.9,149,225,66.2,19,36,52.8,4,4.4,3.8,-0.4,38,24,27,8,52
Idrissa Gana Gueye,SEN,MF,Everton,34.0,1989.0,34.0,1230,1422,86.5,20779,5681,607,667,91.0,499,552,90.4,104,144,72.2,3,1.7,2.0,1.3,19,154,10,3,145
Andrés García,ESP,"DF,MF",Aston Villa,21.0,2003.0,3.5,174,201,86.6,2725,577,89,96,92.7,74,82,90.2,7,13,53.8,0,0.2,0.4,-0.2,3,9,8,5,15
Alejandro Garnacho,ARG,"MF,FW",Manchester Utd,20.0,2004.0,24.4,649,823,78.9,9138,1181,405,458,88.4,183,223,82.1,31,52,59.6,2,4.5,2.8,-2.5,37,22,25,5,56
James Garner,ENG,"MF,DF",Everton,23.0,2001.0,17.7,611,803,76.1,10658,3158,268,309,86.7,270,326,82.8,59,120,49.2,1,1.4,1.4,-0.4,13,60,7,4,50
Tyrique George,ENG,FW,Chelsea,18.0,2006.0,2.0,43,54,79.6,551,85,24,27,88.9,16,19,84.2,0,3,0.0,1,0.7,0.3,0.3,6,0,1,0,3
Morgan Gibbs-White,ENG,MF,Nott'ham Forest,24.0,2000.0,31.1,993,1269,78.3,15389,4754,540,634,85.2,336,409,82.2,73,124,58.9,8,5.0,4.7,3.0,51,128,41,10,164
Billy Gilmour,SCO,MF,Brighton,23.0,2001.0,1.1,58,67,86.6,980,346,36,38,94.7,18,22,81.8,4,7,57.1,0,0.0,0.0,0.0,0,12,2,0,11
Ben Godfrey,ENG,DF,Ipswich Town,26.0,1998.0,1.8,47,57,82.5,657,255,30,33,90.9,16,18,88.9,0,0,,0,0.0,0.0,0.0,0,5,1,0,4
Martial Godo,ENG,"FW,DF",Fulham,21.0,2003.0,0.3,12,17,70.6,214,53,6,8,75.0,5,5,100.0,1,2,50.0,0,0.1,0.1,-0.1,1,0,3,0,3
Michael Golding,ENG,MF,Leicester City,18.0,2006.0,0.0,0,0,,0,0,0,0,,0,0,,0,0,,0,0.0,0.0,0.0,0,0,0,0,0
João Gomes,BRA,MF,Wolves,23.0,2001.0,33.0,1380,1623,85.0,19707,4911,813,896,90.7,430,498,86.3,66,112,58.9,1,1.2,1.9,-0.2,23,122,24,1,165
Rodrigo Gomes,POR,"DF,FW",Wolves,21.0,2003.0,9.0,212,309,68.6,3052,1023,121,152,79.6,72,99,72.7,8,28,28.6,0,0.9,0.7,-0.9,12,12,14,4,27
Toti Gomes,POR,DF,Wolves,25.0,1999.0,29.0,1473,1714,85.9,24482,8584,677,734,92.2,674,733,92.0,89,171,52.0,1,0.9,0.6,0.1,9,87,6,3,86
Diego Gómez,PAR,MF,Brighton,21.0,2003.0,5.7,243,302,80.5,3715,931,138,159,86.8,84,100,84.0,14,25,56.0,0,0.7,1.2,-0.7,8,14,7,1,27
Joe Gomez,ENG,DF,Liverpool,27.0,1997.0,5.8,377,425,88.7,6689,2299,155,170,91.2,191,204,93.6,26,42,61.9,0,0.1,0.1,-0.1,2,29,0,0,35
Nicolás González,ESP,MF,Manchester City,22.0,2002.0,8.4,575,625,92.0,8643,1985,332,346,96.0,223,242,92.1,14,22,63.6,0,0.1,0.5,-0.1,1,52,4,0,50
Anthony Gordon,ENG,"FW,MF",Newcastle Utd,23.0,2001.0,27.0,720,982,73.3,11128,3642,397,464,85.6,244,312,78.2,56,125,44.8,5,5.0,5.1,0.0,51,65,55,17,98
Ryan Gravenberch,NED,MF,Liverpool,22.0,2002.0,35.1,1718,1927,89.2,25904,6528,917,991,92.5,680,737,92.3,64,104,61.5,4,3.1,3.5,0.9,26,151,35,2,181
Archie Gray,ENG,"DF,MF",Tottenham,18.0,2006.0,19.5,1001,1145,87.4,17440,5370,389,423,92.0,537,584,92.0,59,103,57.3,0,0.1,0.2,-0.1,3,43,0,0,40
Jack Grealish,ENG,"FW,MF",Manchester City,28.0,1995.0,8.0,382,436,87.6,5685,986,247,265,93.2,115,131,87.8,18,26,69.2,1,1.8,1.7,-0.8,24,23,16,0,52
Jacob Greaves,ENG,DF,Ipswich Town,23.0,2000.0,24.5,962,1121,85.8,15937,6129,444,481,92.3,463,519,89.2,39,88,44.3,0,0.3,0.2,-0.3,5,75,2,0,69
Brajan Gruda,GER,"MF,FW",Brighton,20.0,2004.0,7.6,187,251,74.5,2759,970,108,128,84.4,46,63,73.0,18,36,50.0,4,2.1,1.9,1.9,23,12,12,1,26
Albert Grønbaek,DEN,"FW,MF",Southampton,23.0,2001.0,1.6,13,18,72.2,135,43,9,11,81.8,2,4,50.0,0,0,,0,0.0,0.0,0.0,1,2,0,0,1
Gonçalo Guedes,POR,"MF,FW",Wolves,27.0,1996.0,11.1,259,349,74.2,4193,1060,137,158,86.7,97,128,75.8,17,35,48.6,4,1.3,0.9,2.7,14,18,17,5,40
Marc Guéhi,ENG,DF,Crystal Palace,24.0,2000.0,34.0,1473,1765,83.5,28093,11512,549,605,90.7,760,854,89.0,152,274,55.5,2,1.8,2.0,0.2,16,133,11,3,134
Luis Guilherme,BRA,"MF,FW",West Ham,18.0,2006.0,1.7,58,67,86.6,894,212,37,38,97.4,16,18,88.9,5,8,62.5,0,0.1,0.1,-0.1,3,5,3,2,5
Bruno Guimarães,BRA,MF,Newcastle Utd,26.0,1997.0,36.3,1481,1798,82.4,24436,7860,736,810,90.9,581,670,86.7,118,201,58.7,6,6.1,5.4,-0.1,52,180,77,6,271
Marc Guiu,ESP,FW,Chelsea,18.0,2006.0,0.8,11,16,68.8,110,4,9,13,69.2,1,2,50.0,0,0,,0,0.0,0.0,0.0,1,0,0,0,0
İlkay Gündoğan,GER,MF,Manchester City,33.0,1990.0,24.7,1525,1703,89.5,23600,4511,871,923,94.4,520,565,92.0,102,155,65.8,6,3.5,4.4,2.5,44,108,23,2,127
Malo Gusto,FRA,DF,Chelsea,21.0,2003.0,20.7,1198,1385,86.5,19538,4892,585,628,93.2,517,585,88.4,68,112,60.7,1,1.4,1.9,-0.4,22,111,19,7,119
Joško Gvardiol,CRO,DF,Manchester City,22.0,2002.0,36.4,2454,2721,90.2,39905,10760,1198,1274,94.0,1128,1217,92.7,107,162,66.0,0,2.1,2.9,-2.1,26,247,20,1,264
Erling Haaland,NOR,FW,Manchester City,24.0,2000.0,30.4,255,381,66.9,3086,593,175,246,71.1,59,84,70.2,4,6,66.7,3,3.0,2.0,0.0,29,10,8,1,20
Lewis Hall,ENG,DF,Newcastle Utd,19.0,2004.0,24.3,1300,1592,81.7,21999,8891,653,715,91.3,525,617,85.1,104,202,51.5,4,4.3,3.7,-0.3,34,114,17,5,123
Ali Al Hamadi,IRQ,FW,Ipswich Town,22.0,2002.0,1.5,25,30,83.3,278,29,20,23,87.0,5,7,71.4,0,0,,0,0.1,0.0,-0.1,2,0,0,0,3
Marcus Harness,ENG,MF,Ipswich Town,28.0,1996.0,0.5,10,16,62.5,89,23,9,11,81.8,0,1,0.0,0,1,0.0,0,0.0,0.1,0.0,0,0,2,0,2
Jack Harrison,ENG,FW,Everton,27.0,1996.0,23.1,414,659,62.8,6596,2477,239,295,81.0,122,182,67.0,36,108,33.3,0,3.7,3.1,-3.7,33,28,25,11,51
Taylor Harwood-Bellis,ENG,DF,Southampton,22.0,2002.0,31.4,1892,2164,87.4,35252,12592,683,739,92.4,1019,1113,91.6,174,272,64.0,0,1.0,0.7,-1.0,14,178,10,1,125
Kai Havertz,GER,"FW,MF",Arsenal,25.0,1999.0,20.8,407,519,78.4,4905,1033,286,340,84.1,95,115,82.6,5,11,45.5,3,2.4,1.7,0.6,17,27,9,1,61
Ayden Heaven,ENG,DF,Manchester Utd,17.0,2006.0,1.9,90,106,84.9,1542,458,35,39,89.7,51,56,91.1,3,7,42.9,0,0.0,0.0,0.0,1,4,0,0,7
Jan Paul van Hecke,NED,DF,Brighton,24.0,2000.0,32.9,2016,2286,88.2,39486,15217,703,752,93.5,1077,1156,93.2,219,334,65.6,1,1.5,1.4,-0.5,15,226,17,4,228
Hwang Hee-chan,KOR,"MF,FW",Wolves,28.0,1996.0,7.3,166,204,81.4,2152,420,110,126,87.3,43,51,84.3,4,5,80.0,0,0.1,0.3,-0.1,3,7,4,2,12
Dean Henderson,ENG,GK,Crystal Palace,27.0,1997.0,38.0,745,1216,61.3,20401,13551,180,181,99.4,350,353,99.2,211,677,31.2,0,0.2,0.1,-0.2,3,23,1,0,0
Rico Henry,JAM,DF,Brentford,27.0,1997.0,1.1,33,49,67.3,503,195,20,29,69.0,13,17,76.5,0,2,0.0,0,0.0,0.0,0.0,0,4,0,0,4
Mads Hermansen,DEN,GK,Leicester City,24.0,2000.0,26.5,654,1073,61.0,17066,12387,151,155,97.4,312,329,94.8,191,584,32.7,0,0.0,0.0,0.0,0,20,1,0,1
Son Heung-min,KOR,FW,Tottenham,32.0,1992.0,23.4,730,925,78.9,10322,2867,447,498,89.8,206,256,80.5,39,81,48.1,9,8.2,5.1,0.8,50,40,51,6,111
James Hill,ENG,DF,Bournemouth,22.0,2002.0,5.0,159,245,64.9,3098,1094,51,67,76.1,85,110,77.3,21,58,36.2,1,0.3,0.3,0.7,3,20,6,0,16
Jack Hinshelwood,ENG,"MF,DF",Brighton,19.0,2005.0,20.5,870,1046,83.2,13114,3047,510,562,90.7,280,333,84.1,56,107,52.3,2,1.5,1.5,0.5,17,36,9,2,68
George Hirst,SCO,FW,Ipswich Town,25.0,1999.0,7.3,69,122,56.6,785,188,49,72,68.1,13,26,50.0,1,3,33.3,1,0.3,0.3,0.7,4,1,4,0,13
Mason Holgate,JAM,"FW,DF",Everton,27.0,1996.0,0.1,2,2,100.0,55,0,0,0,,1,1,100.0,1,1,100.0,0,0.0,0.0,0.0,0,0,0,0,0
Harry Howell,ENG,FW,Brighton,15.0,2008.0,0.1,8,9,88.9,100,8,4,4,100.0,3,4,75.0,0,0,,0,0.0,0.1,0.0,0,0,0,0,0
Callum Hudson-Odoi,ENG,"FW,MF",Nott'ham Forest,23.0,2000.0,24.4,691,843,82.0,10242,2075,401,437,91.8,218,266,82.0,44,87,50.6,2,2.7,2.6,-0.7,44,38,33,11,71
Will Hughes,ENG,MF,Crystal Palace,29.0,1995.0,23.4,737,970,76.0,11688,4132,373,424,88.0,288,349,82.5,48,129,37.2,3,3.1,2.6,-0.1,33,76,15,3,87
Dean Huijsen,ESP,DF,Bournemouth,19.0,2005.0,27.0,1355,1625,83.4,27219,10928,449,500,89.8,712,781,91.2,181,304,59.5,2,2.0,1.6,0.0,15,180,7,2,132
Omari Hutchinson,ENG,"MF,FW",Ipswich Town,20.0,2003.0,28.7,690,885,78.0,10875,2022,353,399,88.5,283,339,83.5,38,73,52.1,2,3.5,2.5,-1.5,31,45,27,15,75
Rasmus Højlund,DEN,FW,Manchester Utd,21.0,2003.0,22.3,251,336,74.7,2741,486,183,226,81.0,42,62,67.7,4,6,66.7,0,1.8,1.1,-1.8,16,14,5,1,18
Igor,BRA,DF,Brighton,26.0,1998.0,10.7,671,730,91.9,12145,3851,262,271,96.7,364,384,94.8,42,59,71.2,0,0.2,0.3,-0.2,2,39,2,1,49
Danny Ings,ENG,"FW,MF",West Ham,32.0,1992.0,3.2,63,92,68.5,830,126,41,49,83.7,19,29,65.5,1,5,20.0,2,1.3,0.1,0.7,6,4,1,0,5
Tim Iroegbunam,ENG,MF,Everton,21.0,2003.0,6.4,115,158,72.8,1921,621,54,73,74.0,42,50,84.0,14,20,70.0,1,0.2,0.1,0.8,3,10,1,0,15
Andy Irving,SCO,MF,West Ham,24.0,2000.0,1.8,109,124,87.9,1705,439,61,64,95.3,36,43,83.7,9,9,100.0,0,0.2,0.1,-0.2,1,14,1,1,9
Alexander Isak,SWE,FW,Newcastle Utd,24.0,1999.0,30.6,519,689,75.3,7434,1644,306,364,84.1,163,207,78.7,26,42,61.9,6,4.3,3.6,1.7,41,35,31,1,88
Alex Iwobi,NGA,"FW,MF",Fulham,28.0,1996.0,33.1,1150,1532,75.1,19530,5723,582,671,86.7,448,574,78.0,98,184,53.3,6,7.0,7.0,-1.0,59,115,86,19,213
Nicolas Jackson,SEN,FW,Chelsea,23.0,2001.0,24.7,303,399,75.9,4088,884,182,223,81.6,92,118,78.0,9,15,60.0,5,4.3,1.9,0.7,28,22,10,1,38
Reece James,ENG,"DF,MF",Chelsea,24.0,1999.0,11.8,717,854,84.0,12618,4375,333,357,93.3,317,355,89.3,57,116,49.1,1,0.7,1.2,0.3,11,80,5,1,64
Vitaly Janelt,GER,MF,Brentford,26.0,1998.0,25.0,872,1057,82.5,14466,4279,443,489,90.6,344,403,85.4,66,118,55.9,3,2.2,2.4,0.8,14,78,23,7,80
Vitezslav Jaros,CZE,GK,Liverpool,23.0,2001.0,0.1,6,8,75.0,302,273,0,0,,1,1,100.0,5,7,71.4,0,0.0,0.0,0.0,0,2,0,0,0
Daniel Jebbison,CAN,FW,Bournemouth,20.0,2003.0,1.3,33,42,78.6,361,44,21,23,91.3,3,5,60.0,1,2,50.0,0,0.2,0.1,-0.2,3,1,1,0,3
Mathias Jensen,DEN,MF,Brentford,28.0,1996.0,9.6,363,486,74.7,6736,2465,170,193,88.1,133,172,77.3,49,90,54.4,2,1.7,1.7,0.3,16,42,19,3,61
Gabriel Jesus,BRA,FW,Arsenal,27.0,1997.0,6.8,156,203,76.8,2030,378,103,128,80.5,41,47,87.2,4,6,66.7,0,0.7,0.5,-0.7,8,10,9,1,19
Raúl Jiménez,MEX,FW,Fulham,33.0,1991.0,27.7,458,643,71.2,6916,1618,265,326,81.3,138,188,73.4,33,55,60.0,3,3.3,2.1,-0.3,24,41,14,3,62
Kim Jisoo,KOR,DF,Brentford,19.0,2004.0,0.3,25,28,89.3,552,202,8,9,88.9,11,12,91.7,6,7,85.7,0,0.0,0.0,0.0,0,1,0,0,2
João Pedro,BRA,"FW,MF",Brighton,22.0,2001.0,21.6,482,661,72.9,6847,1766,300,381,78.7,133,177,75.1,29,44,65.9,6,5.0,3.1,1.0,30,42,36,5,78
Joelinton,BRA,"MF,FW",Newcastle Utd,27.0,1996.0,26.6,863,1043,82.7,12199,3384,529,603,87.7,277,320,86.6,33,55,60.0,3,2.5,2.3,0.5,23,80,17,2,116
Ben Johnson,ENG,"DF,FW",Ipswich Town,24.0,2000.0,15.0,298,416,71.6,4835,2045,170,197,86.3,101,135,74.8,24,49,49.0,2,1.3,0.9,0.7,12,22,3,2,27
Brennan Johnson,WAL,FW,Tottenham,23.0,2001.0,24.2,449,638,70.4,5932,1611,274,341,80.4,144,191,75.4,11,34,32.4,3,2.3,2.0,0.7,19,25,35,6,71
Sam Johnstone,ENG,GK,Wolves,31.0,1993.0,7.0,184,278,66.2,5548,4270,31,32,96.9,80,82,97.6,72,160,45.0,0,0.0,0.0,0.0,1,6,0,0,0
Curtis Jones,ENG,"MF,DF",Liverpool,23.0,2001.0,19.0,1021,1097,93.1,15072,3158,584,605,96.5,373,404,92.3,40,53,75.5,3,1.1,1.6,1.9,22,84,19,1,117
Jorginho,ITA,MF,Arsenal,32.0,1991.0,7.8,411,474,86.7,6468,1609,215,235,91.5,168,190,88.4,21,36,58.3,0,0.4,0.6,-0.4,3,44,10,0,48
Diogo Jota,POR,FW,Liverpool,27.0,1996.0,13.3,216,310,69.7,3313,829,113,147,76.9,79,104,76.0,13,23,56.5,3,1.8,1.1,1.2,11,29,3,1,34
James Justin,ENG,DF,Leicester City,26.0,1998.0,32.4,1205,1541,78.2,18606,5922,625,718,87.0,497,586,84.8,48,136,35.3,2,0.8,0.8,1.2,14,76,23,8,91
Filip Jørgensen,DEN,GK,Chelsea,22.0,2002.0,6.0,158,189,83.6,2843,1649,64,64,100.0,79,81,97.5,11,40,27.5,0,0.0,0.0,0.0,0,1,0,0,0
Ferdi Kadioglu,TUR,"DF,MF",Brighton,24.0,1999.0,4.3,144,175,82.3,2372,698,73,82,89.0,61,74,82.4,9,14,64.3,0,0.2,0.3,-0.2,5,10,9,4,15
Daichi Kamada,JPN,MF,Crystal Palace,27.0,1996.0,17.4,603,752,80.2,9772,2644,317,360,88.1,233,280,83.2,38,62,61.3,0,1.9,1.6,-1.9,20,48,14,3,89
Boubacar Kamara,FRA,MF,Aston Villa,24.0,1999.0,19.2,825,931,88.6,13054,4037,421,454,92.7,357,390,91.5,34,62,54.8,0,0.9,0.8,-0.9,11,91,10,0,85
Joachim Kayi Sanda,FRA,DF,Southampton,17.0,2006.0,0.2,15,15,100.0,304,57,3,3,100.0,11,11,100.0,1,1,100.0,0,0.0,0.0,0.0,0,0,0,0,1
Michael Kayode,ITA,DF,Brentford,20.0,2004.0,5.9,184,241,76.3,3294,961,88,101,87.1,78,99,78.8,18,37,48.6,1,1.2,0.7,-0.2,8,12,3,2,12
Michael Keane,ENG,DF,Everton,31.0,1993.0,11.7,312,377,82.8,7049,2396,96,108,88.9,146,160,91.3,67,89,75.3,0,0.1,0.0,-0.1,2,21,0,0,14
Caoimhín Kelleher,IRL,GK,Liverpool,25.0,1998.0,10.0,289,382,75.7,6252,3968,99,99,100.0,147,147,100.0,43,135,31.9,0,0.0,0.0,0.0,0,6,0,0,0
Lloyd Kelly,ENG,DF,Newcastle Utd,25.0,1998.0,3.4,146,181,80.7,2636,867,57,65,87.7,78,87,89.7,10,24,41.7,1,0.5,0.1,0.5,2,6,1,1,9
Milos Kerkez,HUN,DF,Bournemouth,20.0,2003.0,37.1,1346,1776,75.8,20911,6878,747,832,89.8,481,617,78.0,84,218,38.5,5,3.9,2.6,1.1,35,87,41,27,159
Bilal El Khannouss,MAR,"MF,FW",Leicester City,20.0,2004.0,24.2,798,1063,75.1,14413,4123,372,434,85.7,306,381,80.3,101,170,59.4,3,4.6,3.1,-1.6,42,89,31,6,128
Abdukodir Khusanov,UZB,DF,Manchester City,20.0,2004.0,5.6,360,395,91.1,6126,1976,160,169,94.7,191,197,97.0,6,23,26.1,0,0.1,0.1,-0.1,2,23,0,0,25
Max Kilman,ENG,DF,West Ham,27.0,1997.0,37.2,1697,1958,86.7,32592,10820,546,594,91.9,990,1065,93.0,150,265,56.6,1,1.2,1.2,-0.2,16,109,4,0,113
Joshua King,ENG,MF,Fulham,17.0,2007.0,1.4,54,64,84.4,928,172,29,32,90.6,21,24,87.5,3,4,75.0,0,0.4,0.7,-0.4,3,5,2,0,9
Tom King,WAL,GK,Wolves,29.0,1995.0,0.0,0,1,0.0,0,0,0,1,0.0,0,0,,0,0,,0,0.0,0.0,0.0,0,0,0,0,0
Antonín Kinský,CZE,GK,Tottenham,21.0,2003.0,6.0,167,217,77.0,3990,2480,27,27,100.0,98,101,97.0,38,83,45.8,0,0.1,0.0,-0.1,1,2,0,0,1
Jakub Kiwior,POL,DF,Arsenal,24.0,2000.0,12.5,673,736,91.4,11598,3392,278,294,94.6,358,376,95.2,30,53,56.6,0,0.3,0.3,-0.3,5,65,3,0,48
Justin Kluivert,NED,MF,Bournemouth,25.0,1999.0,26.0,582,782,74.4,8844,2330,322,382,84.3,189,248,76.2,45,87,51.7,6,4.8,3.7,1.2,45,45,35,6,105
Ibrahima Konaté,FRA,DF,Liverpool,25.0,1999.0,28.4,1718,1905,90.2,31820,10824,592,631,93.8,1023,1077,95.0,94,171,55.0,2,1.0,0.9,1.0,10,143,9,0,115
Ezri Konsa,ENG,DF,Aston Villa,26.0,1997.0,32.6,1555,1673,92.9,26299,8781,669,692,96.7,807,844,95.6,62,95,65.3,0,0.4,0.6,-0.4,6,106,2,0,90
Mateo Kovačić,CRO,MF,Manchester City,30.0,1994.0,24.4,1742,1882,92.6,27279,7278,919,967,95.0,735,770,95.5,69,105,65.7,2,3.6,3.2,-1.6,33,206,30,0,164
Caleb Kporha,ENG,DF,Crystal Palace,18.0,2006.0,0.1,5,7,71.4,72,21,4,4,100.0,0,2,0.0,1,1,100.0,0,0.0,0.0,0.0,0,0,1,1,0
Emil Krafth,SWE,DF,Newcastle Utd,29.0,1994.0,3.8,124,158,78.5,2017,786,60,74,81.1,53,62,85.5,7,12,58.3,0,0.1,0.0,-0.1,1,6,1,0,8
Mohammed Kudus,GHA,"FW,MF",West Ham,23.0,2000.0,28.8,715,855,83.6,11695,1800,381,421,90.5,256,288,88.9,58,85,68.2,3,3.1,2.7,-0.1,31,46,29,15,79
Dejan Kulusevski,SWE,"MF,FW",Tottenham,24.0,2000.0,26.5,658,893,73.7,9216,2920,394,457,86.2,203,260,78.1,32,79,40.5,4,6.2,3.9,-2.2,65,62,52,6,124
Maxence Lacroix,FRA,DF,Crystal Palace,24.0,2000.0,34.6,1207,1477,81.7,24841,9717,316,370,85.4,748,826,90.6,136,249,54.6,1,1.0,1.0,0.0,8,71,4,2,65
Adam Lallana,ENG,MF,Southampton,36.0,1988.0,4.0,221,260,85.0,2891,980,147,165,89.1,61,67,91.0,4,9,44.4,2,0.9,0.5,1.1,4,21,9,3,24
Tariq Lamptey,GHA,DF,Brighton,23.0,2000.0,9.6,335,413,81.1,5168,1326,185,199,93.0,128,162,79.0,19,40,47.5,2,0.8,0.8,1.2,5,12,6,5,14
Will Lankshear,ENG,"FW,MF",Tottenham,19.0,2005.0,0.1,0,1,0.0,0,0,0,1,0.0,0,0,,0,0,,0,0.0,0.0,0.0,0,0,0,0,0
Roméo Lavia,BEL,MF,Chelsea,20.0,2004.0,8.9,389,424,91.7,6552,1692,179,195,91.8,184,194,94.8,21,25,84.0,1,0.7,0.4,0.3,7,49,3,0,31
Mario Lemina,GAB,"MF,DF",Wolves,30.0,1993.0,15.2,493,613,80.4,9479,2966,176,207,85.0,249,284,87.7,58,95,61.1,3,1.1,1.2,1.9,10,43,13,4,48
Bernd Leno,GER,GK,Fulham,32.0,1992.0,38.0,1149,1404,81.8,28206,16978,227,228,99.6,683,691,98.8,227,471,48.2,1,0.1,0.1,0.9,2,16,2,0,0
Jefferson Lerma,COL,"MF,DF",Crystal Palace,29.0,1994.0,25.3,844,1121,75.3,14709,5135,395,457,86.4,349,426,81.9,79,178,44.4,1,1.6,1.7,-0.6,10,87,18,2,97
Rico Lewis,ENG,"DF,MF",Manchester City,19.0,2004.0,21.0,1201,1312,91.5,17279,3228,721,762,94.6,438,466,94.0,28,44,63.6,2,0.3,1.0,1.7,7,92,14,0,107
Keane Lewis-Potter,ENG,"DF,FW",Brentford,23.0,2001.0,34.4,982,1273,77.1,16310,5025,532,591,90.0,335,426,78.6,88,181,48.6,3,3.2,4.9,-0.2,26,69,47,18,98
Myles Lewis-Skelly,ENG,DF,Arsenal,17.0,2006.0,15.2,708,776,91.2,10525,2307,394,410,96.1,291,317,91.8,14,24,58.3,0,0.4,0.5,-0.4,8,66,10,2,71
Matthijs de Ligt,NED,DF,Manchester Utd,24.0,1999.0,23.6,1241,1380,89.9,21810,5955,454,482,94.2,728,771,94.4,53,108,49.1,0,0.3,0.3,-0.3,6,63,2,1,55
Pedro Lima,BRA,DF,Wolves,18.0,2006.0,0.8,28,38,73.7,457,188,14,17,82.4,11,14,78.6,3,5,60.0,0,0.1,0.1,-0.1,2,2,3,2,4
Victor Lindelöf,SWE,DF,Manchester Utd,30.0,1994.0,7.8,362,386,93.8,6074,1912,154,163,94.5,184,191,96.3,20,26,76.9,0,0.1,0.1,-0.1,3,17,2,1,26
Jesper Lindstrøm,DEN,FW,Everton,24.0,2000.0,13.8,297,428,69.4,4593,1335,194,225,86.2,65,99,65.7,29,65,44.6,1,2.0,2.0,-1.0,19,18,12,7,25
Valentino Livramento,ENG,DF,Newcastle Utd,21.0,2002.0,31.6,1403,1643,85.4,20773,6686,811,895,90.6,507,583,87.0,54,91,59.3,1,2.6,2.7,-1.6,25,108,28,6,158
Sean Longstaff,ENG,MF,Newcastle Utd,26.0,1997.0,8.9,295,349,84.5,4407,1175,161,185,87.0,111,120,92.5,15,22,68.2,0,0.2,0.2,-0.2,4,26,1,0,40
Saša Lukić,SRB,MF,Fulham,27.0,1996.0,26.0,1100,1260,87.3,18730,4635,519,565,91.9,477,521,91.6,91,129,70.5,2,2.7,1.4,-0.7,26,104,17,7,98
Joe Lumley,ENG,GK,Southampton,29.0,1995.0,3.0,106,151,70.2,2342,1476,42,44,95.5,42,46,91.3,21,59,35.6,0,0.0,0.0,0.0,0,2,0,0,0
Massimo Luongo,AUS,MF,Ipswich Town,31.0,1992.0,2.2,50,66,75.8,722,183,30,34,88.2,15,20,75.0,3,8,37.5,0,0.0,0.0,0.0,0,1,0,0,6
Ian Maatsen,NED,DF,Aston Villa,22.0,2002.0,12.7,609,747,81.5,9635,2492,307,346,88.7,263,309,85.1,26,52,50.0,2,2.7,2.4,-0.7,19,22,19,3,50
Alexis Mac Allister,ARG,MF,Liverpool,25.0,1998.0,28.9,1273,1524,83.5,20344,5748,658,729,90.3,493,558,88.4,89,160,55.6,5,4.7,5.6,0.3,45,122,35,2,177
James Maddison,ENG,MF,Tottenham,27.0,1996.0,20.1,1021,1256,81.3,16664,5028,481,529,90.9,424,492,86.2,75,162,46.3,7,4.2,5.9,2.8,41,123,32,5,164
Noni Madueke,ENG,FW,Chelsea,22.0,2002.0,22.6,530,685,77.4,7705,1853,325,377,86.2,164,215,76.3,22,41,53.7,3,4.2,3.2,-1.2,32,16,35,8,69
Gabriel Magalhães,BRA,DF,Arsenal,26.0,1997.0,26.3,1480,1641,90.2,25788,7938,598,617,96.9,782,830,94.2,83,154,53.9,1,0.9,1.2,0.1,13,145,8,0,126
Edmond-Paris Maghoma,ENG,"MF,FW",Brentford,23.0,2001.0,1.3,76,84,90.5,1259,343,38,40,95.0,29,31,93.5,6,7,85.7,0,0.1,0.0,-0.1,1,2,0,0,13
Harry Maguire,ENG,DF,Manchester Utd,31.0,1993.0,19.5,965,1128,85.5,17965,6236,354,392,90.3,517,568,91.0,80,139,57.6,0,0.6,0.3,-0.6,9,48,4,0,51
Kobbie Mainoo,ENG,MF,Manchester Utd,19.0,2005.0,18.3,723,836,86.5,9649,2346,452,490,92.2,192,219,87.7,31,45,68.9,0,1.6,1.8,-1.6,14,50,12,1,65
Tyrell Malacia,NED,DF,Manchester Utd,24.0,1999.0,1.1,49,55,89.1,642,260,31,33,93.9,13,14,92.9,2,2,100.0,0,0.0,0.0,0.0,1,7,1,0,3
Donyell Malen,NED,FW,Aston Villa,25.0,1999.0,3.4,53,77,68.8,712,144,33,40,82.5,14,19,73.7,3,7,42.9,0,0.2,0.2,-0.2,3,2,2,0,6
Mateus Mane,POR,MF,Wolves,16.0,2007.0,0.0,4,5,80.0,60,0,3,4,75.0,1,1,100.0,0,0,,0,0.0,0.0,0.0,0,0,0,0,0
Orel Mangala,BEL,MF,Everton,26.0,1998.0,14.0,437,490,89.2,6998,1567,219,242,90.5,187,197,94.9,23,30,76.7,0,0.6,0.6,-0.6,8,50,8,1,34
Ryan Manning,IRL,"DF,MF",Southampton,28.0,1996.0,16.2,619,803,77.1,10360,3336,317,344,92.2,233,288,80.9,55,125,44.0,1,3.2,2.8,-2.2,34,33,12,8,35
Solly March,ENG,"FW,MF",Brighton,30.0,1994.0,1.9,60,95,63.2,990,222,35,40,87.5,16,28,57.1,7,18,38.9,0,0.3,0.3,-0.3,3,2,4,4,2
Omar Marmoush,EGY,"FW,MF",Manchester City,25.0,1999.0,13.1,252,318,79.2,3443,849,164,193,85.0,69,88,78.4,9,16,56.3,0,2.8,2.1,-2.8,15,10,29,4,37
Gabriel Martinelli,BRA,"FW,MF",Arsenal,23.0,2001.0,25.4,499,699,71.4,7113,1534,324,385,84.2,135,193,69.9,26,52,50.0,4,5.0,4.7,-1.0,40,11,37,15,52
Emiliano Martínez,ARG,GK,Aston Villa,31.0,1992.0,35.5,1091,1387,78.7,28659,17513,194,198,98.0,629,640,98.3,268,542,49.4,0,0.5,0.1,-0.5,2,27,0,0,4
Lisandro Martínez,ARG,DF,Manchester Utd,26.0,1998.0,19.5,1200,1342,89.4,20292,7055,522,554,94.2,601,646,93.0,64,116,55.2,1,1.1,1.3,-0.1,9,91,18,2,117
Pape Matar Sarr,SEN,MF,Tottenham,21.0,2002.0,21.3,889,1029,86.4,13609,3128,462,509,90.8,347,386,89.9,45,62,72.6,2,1.6,0.8,0.4,15,85,12,2,88
Jean-Philippe Mateta,FRA,FW,Crystal Palace,27.0,1997.0,29.4,291,447,65.1,3849,1016,176,232,75.9,83,130,63.8,7,23,30.4,2,3.2,2.3,-1.2,29,34,16,2,52
Stephy Mavididi,ENG,FW,Leicester City,26.0,1998.0,17.9,460,613,75.0,6191,1429,286,314,91.1,124,184,67.4,18,43,41.9,1,2.6,3.3,-1.6,22,32,26,7,57
Konstantinos Mavropanos,GRE,DF,West Ham,26.0,1997.0,22.7,1092,1265,86.3,21548,7277,341,373,91.4,643,693,92.8,102,176,58.0,0,0.5,0.4,-0.5,5,64,4,1,61
Noussair Mazraoui,MAR,DF,Manchester Utd,26.0,1997.0,31.5,1526,1781,85.7,23059,8056,834,913,91.3,574,644,89.1,73,130,56.2,1,1.5,1.9,-0.5,20,125,20,5,115
Bryan Mbeumo,CMR,FW,Brentford,24.0,1999.0,37.9,872,1319,66.1,13902,4325,476,602,79.1,313,441,71.0,68,183,37.2,7,8.3,9.3,-1.3,70,63,59,19,141
James Mcatee,ENG,"MF,FW",Manchester City,21.0,2002.0,3.9,100,125,80.0,1491,254,57,65,87.7,40,45,88.9,3,9,33.3,0,0.5,0.8,-0.5,3,7,2,0,7
Kasey McAteer,IRL,FW,Leicester City,22.0,2001.0,9.5,183,252,72.6,2556,613,118,140,84.3,54,72,75.0,6,12,50.0,1,0.7,0.6,0.3,9,13,6,2,14
Alex McCarthy,ENG,GK,Southampton,34.0,1989.0,5.0,117,156,75.0,2823,1985,41,43,95.3,45,49,91.8,30,61,49.2,0,0.0,0.0,0.0,0,5,0,0,0
John McGinn,SCO,"MF,FW",Aston Villa,29.0,1994.0,24.7,699,854,81.9,11807,3243,336,367,91.6,285,332,85.8,64,111,57.7,4,3.5,2.7,0.5,31,70,29,8,103
Dwight McNeil,ENG,"MF,FW",Everton,24.0,1999.0,15.2,461,619,74.5,8501,2790,215,246,87.4,165,200,82.5,70,136,51.5,6,5.2,4.3,0.8,37,40,36,10,69
Scott McTominay,SCO,MF,Manchester Utd,27.0,1996.0,0.2,10,10,100.0,186,99,5,5,100.0,3,3,100.0,2,2,100.0,0,0.0,0.0,0.0,0,2,0,0,1
Ben Mee,ENG,DF,Brentford,34.0,1989.0,2.0,93,120,77.5,1751,688,34,38,89.5,51,60,85.0,8,20,40.0,0,0.0,0.0,0.0,0,10,0,0,11
Jayden Meghoma,ENG,DF,Brentford,18.0,2006.0,0.1,3,3,100.0,28,7,3,3,100.0,0,0,,0,0,,0,0.0,0.0,0.0,0,0,0,0,0
Mikel Merino,ESP,"MF,FW",Arsenal,28.0,1996.0,17.6,451,577,78.2,6182,1776,285,328,86.9,128,165,77.6,17,31,54.8,2,2.0,1.2,0.0,17,40,24,4,69
Shumaira Mheuka,ENG,MF,Chelsea,16.0,2007.0,0.0,0,0,,0,0,0,0,,0,0,,0,0,,0,0.0,0.0,0.0,0,0,0,0,0
Nikola Milenković,SRB,DF,Nott'ham Forest,26.0,1997.0,37.0,850,1033,82.3,17093,6325,258,293,88.1,475,538,88.3,103,167,61.7,2,1.1,0.5,0.9,9,53,2,0,51
Lewis Miley,ENG,MF,Newcastle Utd,18.0,2006.0,3.5,168,191,88.0,2439,402,94,105,89.5,59,61,96.7,7,10,70.0,0,0.0,0.3,0.0,1,11,4,0,17
James Milner,ENG,MF,Brighton,38.0,1986.0,1.9,55,74,74.3,899,347,26,28,92.9,23,30,76.7,4,11,36.4,0,0.2,0.2,-0.2,4,3,1,1,10
Tyrone Mings,ENG,DF,Aston Villa,31.0,1993.0,12.4,596,676,88.2,10642,3364,234,256,91.4,323,342,94.4,34,64,53.1,0,0.2,0.2,-0.2,3,48,5,0,40
Yankuba Minteh,GAM,"FW,MF",Brighton,20.0,2004.0,20.4,348,557,62.5,5531,1843,200,257,77.8,107,172,62.2,31,67,46.3,4,5.0,5.0,-1.0,29,14,36,9,48
Tyrick Mitchell,ENG,DF,Crystal Palace,24.0,1999.0,34.4,976,1355,72.0,15688,5986,509,600,84.8,383,512,74.8,61,147,41.5,5,6.4,3.7,-1.4,41,51,33,16,70
Kaoru Mitoma,JPN,"FW,MF",Brighton,27.0,1997.0,28.9,749,988,75.8,9777,2226,505,579,87.2,189,265,71.3,23,52,44.2,4,4.6,4.0,-0.6,37,36,36,8,89
Jakub Moder,POL,MF,Brighton,25.0,1999.0,0.1,18,22,81.8,254,82,10,14,71.4,8,8,100.0,0,0,,0,0.2,0.5,-0.2,3,0,1,1,4
Jeremy Monga,ENG,"FW,MF",Leicester City,15.0,2009.0,1.2,18,29,62.1,215,53,13,15,86.7,5,6,83.3,0,3,0.0,0,0.0,0.0,0.0,1,2,1,0,3
Mikey Moore,ENG,FW,Tottenham,16.0,2007.0,4.1,67,96,69.8,853,226,42,45,93.3,18,30,60.0,2,7,28.6,1,0.3,0.6,0.7,3,2,5,1,9
Morato,BRA,DF,Nott'ham Forest,23.0,2001.0,10.1,238,309,77.0,3987,1931,107,123,87.0,108,129,83.7,15,35,42.9,0,0.0,0.0,0.0,0,19,0,0,19
Álex Moreno,ESP,"DF,MF",Nott'ham Forest,31.0,1993.0,10.6,308,428,72.0,4574,1911,184,210,87.6,95,148,64.2,14,40,35.0,1,1.3,1.1,-0.3,8,25,9,2,34
Sam Morsy,EGY,MF,Ipswich Town,32.0,1991.0,30.6,1249,1445,86.4,20142,5579,637,686,92.9,502,546,91.9,79,139,56.8,1,1.2,1.5,-0.2,24,149,17,4,120
Yerson Mosquera,COL,DF,Wolves,23.0,2001.0,4.9,205,240,85.4,3996,1184,66,73,90.4,115,123,93.5,22,35,62.9,0,0.1,0.0,-0.1,2,16,1,1,7
Mason Mount,ENG,MF,Manchester Utd,25.0,1999.0,6.9,207,253,81.8,3015,709,120,138,87.0,58,71,81.7,13,18,72.2,0,0.6,0.6,-0.6,8,19,8,2,33
Divin Mubama,ENG,FW,Manchester City,19.0,2004.0,0.3,2,3,66.7,44,18,1,1,100.0,0,0,,1,1,100.0,0,0.0,0.0,0.0,0,0,0,0,1
Mykhailo Mudryk,UKR,FW,Chelsea,23.0,2001.0,1.7,28,42,66.7,431,165,17,24,70.8,10,15,66.7,1,2,50.0,0,1.0,0.5,-1.0,2,2,2,1,5
Marshall Munetsi,ZIM,"MF,FW",Wolves,28.0,1996.0,12.0,152,212,71.7,1898,390,95,122,77.9,43,57,75.4,3,6,50.0,1,1.8,1.1,-0.8,9,7,3,2,10
Rodrigo Muniz,BRA,FW,Fulham,23.0,2001.0,10.7,92,142,64.8,1540,528,46,68,67.6,31,45,68.9,11,13,84.6,1,0.7,0.2,0.3,7,13,3,0,27
Daniel Muñoz,COL,DF,Crystal Palace,28.0,1996.0,35.9,1129,1492,75.7,17091,5219,645,753,85.7,414,538,77.0,48,108,44.4,5,5.5,3.6,-0.5,46,59,35,15,97
Arijanet Muric,KVX,GK,Ipswich Town,25.0,1998.0,18.0,454,633,71.7,11705,8247,122,122,100.0,215,221,97.3,115,283,40.6,0,0.0,0.0,0.0,0,14,0,0,1
Murillo,BRA,DF,Nott'ham Forest,22.0,2002.0,35.4,1138,1450,78.5,22680,10645,420,466,90.1,535,609,87.8,161,327,49.2,0,1.2,1.1,-1.2,13,139,13,1,115
Jacob Murphy,ENG,FW,Newcastle Utd,29.0,1995.0,26.2,688,1004,68.5,10412,3438,411,484,84.9,218,320,68.1,43,109,39.4,12,8.9,6.2,3.1,42,58,41,15,83
Vitaliy Mykolenko,UKR,DF,Everton,25.0,1999.0,34.2,986,1322,74.6,16470,6579,510,571,89.3,369,500,73.8,87,193,45.1,2,2.6,2.2,-0.6,24,102,40,24,110
Iliman Ndiaye,SEN,FW,Everton,24.0,2000.0,27.0,602,736,81.8,9038,1875,349,402,86.8,200,230,87.0,38,55,69.1,0,1.9,1.4,-1.9,18,42,14,5,59
Wilfred Ndidi,NGA,MF,Leicester City,27.0,1996.0,25.8,839,1045,80.3,12034,3031,463,530,87.4,282,343,82.2,39,73,53.4,5,1.9,1.5,3.1,17,68,11,3,70
Kosta Nedeljković,SRB,DF,Aston Villa,18.0,2005.0,1.4,47,53,88.7,853,185,22,23,95.7,21,25,84.0,4,5,80.0,0,0.0,0.0,0.0,0,5,0,0,6
Reiss Nelson,ENG,FW,Arsenal,24.0,1999.0,0.0,0,0,,0,0,0,0,,0,0,,0,0,,0,0.0,0.0,0.0,0,0,0,0,0
Reiss Nelson,ENG,FW,Fulham,24.0,1999.0,5.4,232,268,86.6,3429,761,136,147,92.5,77,91,84.6,12,19,63.2,1,1.0,1.0,0.0,13,7,15,3,35
Neto,BRA,GK,Bournemouth,35.0,1989.0,2.0,40,62,64.5,1183,896,7,7,100.0,21,21,100.0,12,33,36.4,0,0.0,0.0,0.0,0,2,0,0,0
Pedro Neto,POR,FW,Chelsea,24.0,2000.0,25.2,702,895,78.4,11347,2418,347,373,93.0,267,326,81.9,60,127,47.2,6,6.7,4.8,-0.7,46,30,37,23,60
Eddie Nketiah,ENG,"FW,MF",Crystal Palace,25.0,1999.0,11.5,179,241,74.3,2722,563,95,120,79.2,60,75,80.0,14,20,70.0,1,1.7,0.9,-0.7,13,11,5,0,19
Christopher Nkunku,FRA,FW,Chelsea,26.0,1997.0,10.2,299,334,89.5,3928,760,185,202,91.6,95,103,92.2,6,6,100.0,2,2.1,1.0,-0.1,14,26,7,0,25
Gustavo Nunes,BRA,"FW,MF",Brentford,18.0,2005.0,0.1,1,1,100.0,15,0,1,1,100.0,0,0,,0,0,,0,0.0,0.0,0.0,0,0,0,0,0
Matheus Nunes,POR,"DF,MF",Manchester City,25.0,1998.0,18.6,1065,1234,86.3,16409,2994,598,651,91.9,398,458,86.9,53,81,65.4,6,4.4,3.3,1.6,23,53,26,7,79
Darwin Núñez,URU,FW,Liverpool,25.0,1999.0,12.6,163,230,70.9,2390,587,89,111,80.2,48,65,73.8,13,20,65.0,2,1.3,0.5,0.7,11,9,3,1,27
Ethan Nwaneri,ENG,"FW,MF",Arsenal,17.0,2007.0,9.9,342,425,80.5,4906,1216,216,234,92.3,93,121,76.9,19,37,51.4,2,1.2,1.8,0.8,16,17,16,6,33
Christian Nørgaard,DEN,MF,Brentford,30.0,1994.0,31.3,1164,1427,81.6,19339,6409,584,668,87.4,483,568,85.0,79,133,59.4,4,1.3,1.4,2.7,18,137,27,4,154
Jake O'Brien,IRL,DF,Everton,23.0,2001.0,17.5,577,725,79.6,10580,3946,245,274,89.4,260,317,82.0,63,98,64.3,0,0.6,0.3,-0.6,6,41,8,5,50
Matt O'Riley,DEN,MF,Brighton,23.0,2000.0,10.4,316,413,76.5,5018,1362,161,182,88.5,108,133,81.2,30,63,47.6,2,2.4,2.0,-0.4,21,30,8,1,38
Dara O'Shea,IRL,DF,Ipswich Town,25.0,1999.0,34.7,1234,1579,78.2,24503,10549,395,453,87.2,694,811,85.6,133,270,49.3,2,0.5,0.7,1.5,3,89,4,1,80
Chidozie Obi-Martin,DEN,FW,Manchester Utd,16.0,2007.0,1.8,20,24,83.3,259,49,10,11,90.9,7,9,77.8,1,2,50.0,0,0.0,0.0,0.0,0,1,0,0,1
Wilson Odobert,FRA,"FW,MF",Tottenham,19.0,2004.0,9.4,212,274,77.4,2878,567,139,150,92.7,54,73,74.0,8,12,66.7,0,1.0,0.8,-1.0,6,11,12,3,27
Chiedozie Ogbene,IRL,FW,Ipswich Town,27.0,1997.0,2.6,32,43,74.4,415,27,20,24,83.3,8,10,80.0,1,1,100.0,0,0.1,0.0,-0.1,2,0,0,0,0
Caleb Okoli,ITA,DF,Leicester City,23.0,2001.0,12.5,559,648,86.3,9749,3849,243,266,91.4,273,301,90.7,36,65,55.4,0,0.0,0.2,0.0,0,21,1,0,32
Robin Olsen,SWE,GK,Aston Villa,34.0,1990.0,2.5,65,101,64.4,2083,1590,11,11,100.0,32,32,100.0,22,58,37.9,0,0.0,0.0,0.0,0,4,0,0,0
Amadou Onana,BEL,MF,Aston Villa,22.0,2001.0,18.0,703,802,87.7,11058,2897,365,393,92.9,290,325,89.2,34,48,70.8,0,0.7,0.8,-0.7,10,69,12,2,75
André Onana,CMR,GK,Manchester Utd,28.0,1996.0,34.0,948,1306,72.6,22819,13922,220,222,99.1,524,529,99.1,199,544,36.6,0,0.2,0.2,-0.2,1,28,0,0,1
Paul Onuachu,NGA,FW,Southampton,30.0,1994.0,11.7,160,263,60.8,2292,365,84,134,62.7,45,70,64.3,12,19,63.2,1,0.5,0.3,0.5,8,13,2,0,13
Frank Onyeka,NGA,MF,Brentford,26.0,1998.0,0.3,6,7,85.7,71,19,5,5,100.0,1,1,100.0,0,0,,0,0.0,0.0,0.0,0,0,1,0,1
Lewis Orford,ENG,MF,West Ham,18.0,2006.0,0.5,33,38,86.8,583,83,11,13,84.6,18,20,90.0,2,3,66.7,0,0.0,0.0,0.0,2,2,1,1,0
Stefan Ortega,GER,GK,Manchester City,31.0,1992.0,12.2,373,459,81.3,8327,5597,102,105,97.1,190,196,96.9,79,154,51.3,0,0.0,0.0,0.0,0,6,0,0,0
William Osula,DEN,FW,Newcastle Utd,20.0,2003.0,1.5,18,29,62.1,200,68,14,20,70.0,3,5,60.0,0,1,0.0,0,0.1,0.1,-0.1,2,2,1,0,4
Dango Ouattara,BFA,FW,Bournemouth,22.0,2002.0,22.3,367,612,60.0,5725,1706,210,288,72.9,120,193,62.2,25,67,37.3,4,5.5,3.3,-1.5,35,21,26,11,43
Nico O’Reilly,ENG,DF,Manchester City,19.0,2005.0,5.9,305,353,86.4,4042,780,209,226,92.5,88,109,80.7,3,7,42.9,0,0.4,0.7,-0.4,4,28,1,1,17
Alex Palmer,ENG,GK,Ipswich Town,27.0,1996.0,13.0,299,423,70.7,8545,6103,60,62,96.8,142,142,100.0,96,218,44.0,0,0.0,0.0,0.0,1,8,0,0,1
Cole Palmer,ENG,"MF,FW",Chelsea,22.0,2002.0,35.5,1140,1480,77.0,21582,5611,470,546,86.1,470,555,84.7,173,289,59.9,8,10.9,9.1,-2.9,87,163,64,17,214
Emerson Palmieri,ITA,DF,West Ham,29.0,1994.0,23.5,861,1077,79.9,12546,4549,515,574,89.7,283,348,81.3,43,102,42.2,1,1.5,2.2,-0.5,16,51,13,5,66
Lucas Paquetá,BRA,"MF,FW",West Ham,26.0,1997.0,26.4,1126,1456,77.3,18683,6014,590,700,84.3,389,494,78.7,119,184,64.7,0,3.1,3.3,-3.1,36,132,44,4,155
Thomas Partey,GHA,"MF,DF",Arsenal,31.0,1993.0,31.1,1678,1920,87.4,26697,7155,874,942,92.8,682,767,88.9,91,143,63.6,2,2.1,2.6,-0.1,20,168,33,2,185
Nathan Patterson,SCO,DF,Everton,22.0,2001.0,3.9,130,176,73.9,2272,806,65,72,90.3,52,75,69.3,12,24,50.0,1,0.4,0.4,0.6,4,9,5,3,13
Andreas Pereira,BRA,MF,Fulham,28.0,1996.0,22.4,670,970,69.1,12139,3902,310,371,83.6,258,326,79.1,89,218,40.8,4,4.6,4.6,-0.6,57,67,19,4,104
Ricardo Pereira,POR,DF,Leicester City,30.0,1993.0,4.3,207,248,83.5,3368,956,98,111,88.3,91,108,84.3,13,15,86.7,0,0.0,0.1,0.0,0,19,1,0,18
Kalvin Phillips,ENG,MF,Ipswich Town,28.0,1995.0,13.7,436,551,79.1,8581,2474,162,195,83.1,208,240,86.7,60,98,61.2,0,0.2,0.5,-0.2,5,49,6,1,51
Jaden Philogene Bidace,ENG,"FW,MF",Aston Villa,22.0,2002.0,3.7,63,86,73.3,850,161,40,49,81.6,18,21,85.7,2,3,66.7,0,0.3,0.2,-0.3,1,1,3,0,4
Jaden Philogene Bidace,ENG,"FW,DF",Ipswich Town,22.0,2002.0,5.3,95,131,72.5,1536,414,54,64,84.4,30,41,73.2,6,12,50.0,0,0.2,0.2,-0.2,5,7,4,3,10
Jordan Pickford,ENG,GK,Everton,30.0,1994.0,38.0,1057,1595,66.3,33692,25121,152,153,99.3,459,466,98.5,445,966,46.1,1,0.4,0.2,0.6,2,74,8,0,0
Ethan Pinnock,JAM,DF,Brentford,31.0,1993.0,21.3,924,1080,85.6,17045,6094,360,382,94.2,472,528,89.4,84,145,57.9,0,1.2,0.7,-1.2,8,48,4,1,41
Daniel Podence,POR,"MF,FW",Wolves,28.0,1995.0,0.5,11,16,68.8,132,78,7,7,100.0,3,3,100.0,0,2,0.0,0,0.0,0.0,0.0,0,1,1,0,2
Alfie Pond,ENG,DF,Wolves,20.0,2004.0,0.0,1,1,100.0,23,0,0,0,,1,1,100.0,0,0,,0,0.0,0.0,0.0,0,0,0,0,0
Nick Pope,ENG,GK,Newcastle Utd,32.0,1992.0,28.0,575,782,73.5,14597,8818,120,121,99.2,300,305,98.4,151,351,43.0,0,0.0,0.0,0.0,1,2,0,0,1
Pedro Porro,ESP,DF,Tottenham,24.0,1999.0,29.0,1385,1892,73.2,24256,9602,674,769,87.6,541,680,79.6,142,327,43.4,6,5.0,4.6,1.0,57,124,57,27,154
Jarell Quansah,ENG,DF,Liverpool,21.0,2003.0,5.5,356,392,90.8,6327,2038,137,141,97.2,196,212,92.5,20,32,62.5,0,0.1,0.2,-0.1,2,22,1,0,19
Aaron Ramsdale,ENG,GK,Southampton,26.0,1998.0,30.0,774,1223,63.3,21949,16992,209,210,99.5,302,313,96.5,257,686,37.5,0,0.0,0.1,0.0,0,36,1,0,0
Jacob Ramsey,ENG,"FW,MF",Aston Villa,23.0,2001.0,18.0,497,586,84.8,6645,1578,334,366,91.3,133,159,83.6,15,20,75.0,3,2.3,2.2,0.7,21,31,21,1,68
Marcus Rashford,ENG,"FW,MF",Manchester Utd,26.0,1997.0,10.9,253,343,73.8,3508,868,168,201,83.6,56,85,65.9,14,28,50.0,1,2.1,1.4,-1.1,15,13,16,8,21
Marcus Rashford,ENG,FW,Aston Villa,26.0,1997.0,4.9,117,164,71.3,1772,447,67,77,87.0,36,47,76.6,9,25,36.0,2,2.3,2.1,-0.3,13,2,9,2,13
David Raya,ESP,GK,Arsenal,28.0,1995.0,38.0,1040,1413,73.6,24784,17222,285,288,99.0,537,548,98.0,215,570,37.7,0,0.0,0.1,0.0,1,45,3,0,14
Harrison Reed,ENG,MF,Fulham,29.0,1995.0,1.2,39,55,70.9,550,138,21,24,87.5,13,17,76.5,2,5,40.0,0,0.1,0.1,-0.1,1,1,1,0,4
Remy Rees-Dottin,ENG,FW,Bournemouth,18.0,2006.0,0.0,0,0,,0,0,0,0,,0,0,,0,0,,0,0.0,0.0,0.0,0,0,0,0,0
Sergio Reguilón,ESP,DF,Tottenham,27.0,1996.0,2.2,93,136,68.4,1503,540,42,54,77.8,46,60,76.7,4,17,23.5,0,0.0,0.3,0.0,1,13,2,1,13
Vitor Reis,BRA,DF,Manchester City,18.0,2006.0,0.0,2,2,100.0,50,10,0,0,,2,2,100.0,0,0,,0,0.0,0.0,0.0,0,0,0,0,0
Chadi Riad,MAR,DF,Crystal Palace,21.0,2003.0,1.0,70,82,85.4,1411,568,24,28,85.7,38,41,92.7,8,13,61.5,0,0.0,0.0,0.0,0,8,1,0,7
Declan Rice,ENG,MF,Arsenal,25.0,1999.0,31.4,1376,1650,83.4,23402,6234,678,737,92.0,553,611,90.5,117,240,48.8,7,6.6,5.6,0.4,59,137,35,5,192
Chris Richards,USA,DF,Crystal Palace,24.0,2000.0,21.4,684,857,79.8,12185,4230,276,312,88.5,340,384,88.5,56,123,45.5,0,0.1,0.6,-0.1,2,23,1,1,39
Richarlison,BRA,FW,Tottenham,27.0,1997.0,5.6,62,103,60.2,937,280,31,45,68.9,19,32,59.4,6,9,66.7,1,0.9,0.6,0.1,4,8,4,2,11
Andrew Robertson,SCO,DF,Liverpool,30.0,1994.0,27.6,1559,1885,82.7,26310,8406,760,806,94.3,672,779,86.3,110,237,46.4,1,4.6,4.3,-3.6,40,150,31,17,176
Antonee Robinson,USA,DF,Fulham,26.0,1997.0,35.2,1595,2076,76.8,27385,10017,763,881,86.6,678,853,79.5,134,239,56.1,10,4.2,4.1,5.8,43,115,56,29,131
Jay Robinson,ENG,"MF,FW",Southampton,17.0,2007.0,1.5,23,34,67.6,264,100,14,17,82.4,6,8,75.0,1,4,25.0,0,0.7,0.5,-0.7,3,1,1,0,1
Rodri,ESP,MF,Manchester City,28.0,1996.0,0.8,64,68,94.1,1142,277,31,32,96.9,25,28,89.3,7,7,100.0,0,0.0,0.1,0.0,1,3,1,0,4
Guido Rodríguez,ARG,MF,West Ham,30.0,1994.0,12.8,480,569,84.4,8091,2164,239,272,87.9,195,215,90.7,38,59,64.4,1,0.2,0.2,0.8,4,37,1,0,33
Mads Roerslev,DEN,DF,Brentford,25.0,1999.0,12.2,422,536,78.7,6925,2249,205,233,88.0,179,224,79.9,27,49,55.1,2,3.0,2.1,-1.0,14,37,11,4,51
Morgan Rogers,ENG,"FW,MF",Aston Villa,22.0,2002.0,34.6,664,907,73.2,9771,3327,374,460,81.3,203,267,76.0,49,65,75.4,10,7.8,5.2,2.2,51,73,56,3,123
Cristian Romero,ARG,DF,Tottenham,26.0,1998.0,15.7,1094,1223,89.5,20402,8197,370,405,91.4,630,665,94.7,80,126,63.5,0,0.6,0.8,-0.6,7,109,8,1,71
Georginio Rutter,FRA,"MF,FW",Brighton,22.0,2002.0,18.4,237,355,66.8,3344,1174,144,187,77.0,74,111,66.7,10,16,62.5,3,2.5,1.7,0.5,19,30,16,1,67
José Sá,POR,GK,Wolves,31.0,1993.0,29.0,592,924,64.1,15334,10381,120,121,99.2,325,335,97.0,143,460,31.1,0,0.2,0.0,-0.2,3,22,1,0,2
Bukayo Saka,ENG,"FW,MF",Arsenal,22.0,2001.0,19.2,552,731,75.5,8408,2487,334,371,90.0,154,214,72.0,45,92,48.9,10,7.6,7.8,2.4,58,15,38,12,70
Mohamed Salah,EGY,FW,Liverpool,32.0,1992.0,37.5,892,1263,70.6,13343,3919,501,601,83.4,302,433,69.7,59,100,59.0,18,14.2,9.1,3.8,88,53,93,15,144
William Saliba,FRA,DF,Arsenal,23.0,2001.0,33.8,2413,2559,94.3,41458,12540,1026,1071,95.8,1255,1306,96.1,123,154,79.9,0,0.9,1.3,-0.9,7,180,6,0,138
Robert Sánchez,ESP,GK,Chelsea,26.0,1997.0,32.0,871,1249,69.7,21022,13967,208,209,99.5,458,474,96.6,201,553,36.3,0,0.1,0.0,-0.1,2,26,1,0,1
Jadon Sancho,ENG,FW,Chelsea,24.0,2000.0,19.6,663,803,82.6,8932,2093,416,465,89.5,208,250,83.2,14,27,51.9,4,3.7,3.1,0.3,38,28,48,0,90
Ibrahim Sangaré,CIV,MF,Nott'ham Forest,26.0,1997.0,6.6,276,323,85.4,4521,1475,129,144,89.6,117,127,92.1,20,31,64.5,1,0.4,0.2,0.6,4,28,4,1,27
Pablo Sarabia,ESP,"MF,FW",Wolves,32.0,1992.0,9.0,308,445,69.2,5160,1909,144,165,87.3,110,147,74.8,36,80,45.0,2,1.8,1.9,0.2,15,39,20,3,60
Jeremy Sarmiento,ECU,MF,Brighton,22.0,2002.0,0.1,6,6,100.0,74,1,4,4,100.0,2,2,100.0,0,0,,0,0.0,0.0,0.0,0,0,0,0,0
Ismaila Sarr,SEN,MF,Crystal Palace,26.0,1998.0,30.1,490,742,66.0,7257,2202,265,359,73.8,183,257,71.2,22,50,44.0,6,8.5,6.7,-2.5,44,28,42,9,85
Sávio,BRA,"FW,MF",Manchester City,20.0,2004.0,19.6,692,856,80.8,10296,1727,423,470,90.0,227,283,80.2,31,56,55.4,8,6.9,6.1,1.1,46,19,47,8,67
Oliver Scarles,ENG,"DF,FW",West Ham,18.0,2005.0,7.4,293,372,78.8,4388,1151,174,196,88.8,106,126,84.1,11,37,29.7,0,0.1,0.1,-0.1,2,10,5,1,22
Dane Scarlett,ENG,"FW,MF",Tottenham,20.0,2004.0,0.4,3,5,60.0,37,20,2,2,100.0,1,1,100.0,0,1,0.0,1,0.0,0.0,1.0,1,0,0,0,1
Kevin Schade,GER,FW,Brentford,22.0,2001.0,25.5,323,541,59.7,4930,1389,185,265,69.8,111,180,61.7,18,43,41.9,2,3.7,1.8,-1.7,23,32,11,3,38
Fabian Schär,SUI,DF,Newcastle Utd,32.0,1991.0,32.6,1654,1977,83.7,33173,12752,577,625,92.3,877,944,92.9,191,373,51.2,0,0.4,1.0,-0.4,5,161,13,0,118
Jeffrey Schlupp,GHA,"MF,DF",Crystal Palace,31.0,1992.0,1.1,39,50,78.0,591,144,16,19,84.2,18,23,78.3,2,4,50.0,0,0.2,0.1,-0.2,3,4,2,0,5
Alex Scott,ENG,MF,Bournemouth,20.0,2003.0,8.4,286,342,83.6,4583,1359,142,159,89.3,112,121,92.6,20,35,57.1,0,0.9,1.0,-0.9,12,41,5,1,52
Matz Sels,BEL,GK,Nott'ham Forest,32.0,1992.0,38.0,519,998,52.0,19289,16407,79,79,100.0,168,171,98.2,271,734,36.9,0,0.4,0.3,-0.4,2,45,4,0,2
Nélson Semedo,POR,DF,Wolves,30.0,1993.0,32.1,1096,1357,80.8,16627,5130,598,653,91.6,409,490,83.5,59,128,46.1,4,2.8,1.7,1.2,25,70,28,13,80
Antoine Semenyo,GHA,FW,Bournemouth,24.0,2000.0,35.6,821,1119,73.4,11674,2915,501,586,85.5,252,334,75.4,37,97,38.1,5,5.8,4.3,-0.8,46,49,45,8,109
Marcos Senesi,ARG,DF,Bournemouth,27.0,1997.0,12.3,561,735,76.3,11536,5815,199,228,87.3,267,311,85.9,89,180,49.4,0,0.2,0.5,-0.2,3,79,13,3,62
Ryan Sessegnon,ENG,"FW,DF",Fulham,24.0,2000.0,6.4,189,241,78.4,2728,859,118,136,86.8,58,73,79.5,8,13,61.5,2,1.1,1.1,0.9,12,18,7,2,22
Luke Shaw,ENG,DF,Manchester Utd,29.0,1995.0,3.9,249,290,85.9,4252,1388,118,127,92.9,108,119,90.8,20,33,60.6,0,0.7,0.8,-0.7,5,20,3,1,24
Zain Silcott-Duberry,MSR,FW,Bournemouth,19.0,2005.0,0.0,1,2,50.0,25,0,0,0,,1,1,100.0,0,0,,0,0.0,0.0,0.0,0,0,0,0,0
Bernardo Silva,POR,"MF,FW",Manchester City,29.0,1994.0,29.7,1547,1783,86.8,23646,4501,877,949,92.4,554,634,87.4,82,124,66.1,4,5.1,4.5,-1.1,53,87,40,7,134
Jota Silva,POR,"FW,MF",Nott'ham Forest,24.0,1999.0,9.5,118,196,60.2,1692,471,66,86,76.7,37,60,61.7,6,19,31.6,1,2.9,1.8,-1.9,14,4,9,3,18
Eric da Silva Moreira,GER,"MF,DF",Nott'ham Forest,18.0,2006.0,0.3,7,8,87.5,86,7,6,7,85.7,1,1,100.0,0,0,,0,0.0,0.0,0.0,0,0,0,0,0
Jahmai Simpson-Pusey,ENG,DF,Manchester City,18.0,2005.0,1.1,107,115,93.0,1754,549,47,49,95.9,57,59,96.6,3,7,42.9,0,0.0,0.0,0.0,0,3,0,0,3
Luis Sinisterra,COL,"FW,MF",Bournemouth,25.0,1999.0,2.6,73,93,78.5,1067,200,44,48,91.7,22,32,68.8,5,5,100.0,1,1.4,1.3,-0.4,9,6,2,2,6
Oliver Skipp,ENG,MF,Leicester City,23.0,2000.0,12.5,419,502,83.5,6399,1568,214,247,86.6,163,178,91.6,21,36,58.3,0,0.3,0.3,-0.3,9,32,4,0,35
William Smallbone,IRL,MF,Southampton,24.0,2000.0,7.7,270,356,75.8,4399,1203,130,154,84.4,112,131,85.5,20,53,37.7,0,0.7,0.9,-0.7,10,13,4,3,27
Adam Smith,ENG,DF,Bournemouth,33.0,1991.0,17.7,514,679,75.7,8452,2723,244,275,88.7,222,279,79.6,32,89,36.0,0,0.4,0.7,-0.4,8,49,10,5,49
Emile Smith Rowe,ENG,MF,Fulham,24.0,2000.0,22.7,922,1023,90.1,13141,2429,548,592,92.6,330,348,94.8,21,29,72.4,3,1.4,2.0,1.6,24,80,15,1,126
Dominic Solanke,ENG,FW,Tottenham,26.0,1997.0,24.5,255,361,70.6,3429,944,154,205,75.1,68,87,78.2,12,18,66.7,3,2.9,1.2,0.1,14,28,9,0,47
Carlos Soler,ESP,"MF,FW",West Ham,27.0,1997.0,15.7,570,669,85.2,8890,2414,308,326,94.5,212,246,86.2,32,59,54.2,1,1.4,1.9,-0.4,18,43,13,0,56
Julio Soler,ARG,"DF,FW",Bournemouth,19.0,2005.0,0.1,11,14,78.6,104,18,11,13,84.6,0,1,0.0,0,0,,0,0.0,0.0,0.0,0,0,0,0,0
Ramón Sosa,PAR,"FW,MF",Nott'ham Forest,24.0,1999.0,3.3,66,97,68.0,1016,283,33,47,70.2,24,35,68.6,5,7,71.4,0,0.5,0.4,-0.5,8,2,5,3,6
Tomáš Souček,CZE,MF,West Ham,29.0,1995.0,28.5,715,969,73.8,11811,3221,364,457,79.6,265,343,77.3,65,97,67.0,1,1.0,1.3,0.0,14,62,8,1,74
Boubakary Soumaré,FRA,MF,Leicester City,25.0,1999.0,24.1,1073,1234,87.0,16191,4336,581,632,91.9,414,471,87.9,42,60,70.0,0,0.4,1.0,-0.4,11,95,16,3,105
Djed Spence,ENG,DF,Tottenham,23.0,2000.0,19.9,992,1161,85.4,14185,4261,585,622,94.1,343,400,85.8,32,67,47.8,2,1.8,1.4,0.2,11,78,18,8,105
Jay Stansfield,ENG,MF,Fulham,21.0,2002.0,0.0,0,0,,0,0,0,0,,0,0,,0,0,,0,0.0,0.0,0.0,0,0,0,0,0
Jason Steele,ENG,GK,Brighton,33.0,1990.0,2.0,101,112,90.2,2321,1556,21,21,100.0,63,65,96.9,17,26,65.4,0,0.0,0.0,0.0,0,0,0,0,0
Jack Stephens,ENG,DF,Southampton,30.0,1994.0,15.4,879,955,92.0,15471,4366,346,372,93.0,464,492,94.3,54,65,83.1,0,0.2,0.3,-0.2,3,51,5,0,63
Raheem Sterling,ENG,"FW,MF",Arsenal,29.0,1994.0,5.5,158,201,78.6,2022,403,103,117,88.0,43,57,75.4,3,4,75.0,2,0.5,0.5,1.5,8,4,9,2,18
Ross Stewart,SCO,FW,Southampton,28.0,1996.0,4.3,67,95,70.5,861,86,34,45,75.6,25,32,78.1,0,1,0.0,0,0.0,0.1,0.0,0,2,1,0,2
Jakub Stolarczyk,POL,GK,Leicester City,23.0,2000.0,10.0,238,386,61.7,6215,4560,70,70,100.0,91,94,96.8,76,220,34.5,0,0.0,0.0,0.0,0,2,0,0,1
John Stones,ENG,"DF,MF",Manchester City,30.0,1994.0,6.1,367,403,91.1,6382,1601,169,179,94.4,161,174,92.5,31,40,77.5,0,0.1,0.2,-0.1,2,42,0,0,21
Jørgen Strand Larsen,NOR,FW,Wolves,24.0,2000.0,28.7,295,457,64.6,3818,697,182,254,71.7,73,112,65.2,14,20,70.0,4,3.0,1.0,1.0,21,19,4,1,29
Yukinari Sugawara,JPN,"DF,MF",Southampton,24.0,2000.0,17.3,713,891,80.0,11241,3454,377,427,88.3,282,339,83.2,37,76,48.7,1,2.2,2.5,-1.2,17,47,21,9,72
Kamaldeen Sulemana,GHA,"FW,MF",Southampton,22.0,2002.0,15.6,285,357,79.8,4101,627,177,201,88.1,86,103,83.5,13,28,46.4,1,1.0,0.8,0.0,10,6,13,7,27
Crysencio Summerville,NED,"FW,MF",West Ham,22.0,2001.0,8.7,194,254,76.4,2881,640,125,148,84.5,55,62,88.7,11,22,50.0,1,1.7,1.7,-0.7,17,13,12,5,18
Sammie Szmodics,IRL,"FW,MF",Ipswich Town,28.0,1995.0,11.0,149,201,74.1,2458,724,72,82,87.8,54,65,83.1,15,29,51.7,0,0.2,0.5,-0.2,5,11,4,1,19
Dominik Szoboszlai,HUN,MF,Liverpool,23.0,2000.0,27.7,1114,1322,84.3,17528,3641,601,671,89.6,366,416,88.0,95,133,71.4,6,7.4,5.9,-1.4,56,88,33,5,131
Matt Targett,ENG,DF,Newcastle Utd,28.0,1995.0,0.2,14,15,93.3,187,49,9,10,90.0,4,4,100.0,1,1,100.0,0,0.0,0.1,0.0,0,0,1,1,0
James Tarkowski,ENG,DF,Everton,31.0,1992.0,32.5,1045,1290,81.0,22119,8229,337,399,84.5,525,571,91.9,173,276,62.7,1,2.9,2.4,-1.9,16,83,11,0,75
Marcus Tavernier,ENG,"FW,MF",Bournemouth,25.0,1999.0,21.5,689,934,73.8,11654,3481,334,387,86.3,280,352,79.5,60,127,47.2,5,4.0,3.6,1.0,43,80,40,14,128
Charlie Taylor,ENG,DF,Southampton,30.0,1993.0,4.0,196,223,87.9,3602,910,70,75,93.3,103,112,92.0,20,28,71.4,0,0.1,0.2,-0.1,1,9,3,1,9
Jack Taylor,IRL,MF,Ipswich Town,26.0,1998.0,9.6,349,421,82.9,6188,1673,156,177,88.1,158,180,87.8,29,48,60.4,0,0.5,0.8,-0.5,5,30,8,1,43
Mathys Tel,FRA,FW,Tottenham,19.0,2005.0,10.1,185,266,69.5,3172,666,89,112,79.5,71,97,73.2,20,34,58.8,1,2.6,1.5,-1.6,14,12,14,4,21
Kenny Tete,NED,DF,Fulham,28.0,1995.0,19.7,772,956,80.8,12358,4026,405,443,91.4,285,353,80.7,61,108,56.5,2,0.9,0.7,1.1,9,65,13,6,63
Thiago,BRA,"FW,MF",Brentford,23.0,2001.0,1.9,40,56,71.4,568,73,20,28,71.4,13,16,81.3,3,5,60.0,0,0.1,0.0,-0.1,2,2,2,0,4
Luke Thomas,ENG,DF,Leicester City,23.0,2001.0,12.3,493,629,78.4,8065,2702,245,267,91.8,205,251,81.7,35,82,42.7,0,0.5,0.5,-0.5,9,32,5,2,37
Youri Tielemans,BEL,MF,Aston Villa,27.0,1997.0,33.6,1694,2061,82.2,29049,10244,787,876,89.8,737,844,87.3,140,259,54.1,7,7.0,5.7,0.0,60,229,38,4,235
Kieran Tierney,SCO,"DF,FW",Arsenal,27.0,1997.0,2.9,145,173,83.8,2325,699,69,73,94.5,65,78,83.3,8,15,53.3,0,1.4,0.7,-1.4,8,13,5,2,15
Jurriën Timber,NED,DF,Arsenal,23.0,2001.0,26.9,1194,1395,85.6,17327,4642,674,741,91.0,472,549,86.0,27,51,52.9,3,0.8,1.3,2.2,17,107,17,2,146
Jean-Clair Todibo,FRA,DF,West Ham,24.0,1999.0,20.3,951,1082,87.9,16772,5965,355,378,93.9,542,574,94.4,48,109,44.0,0,0.0,0.1,0.0,2,44,1,0,38
Harry Toffolo,ENG,DF,Nott'ham Forest,28.0,1995.0,1.5,47,67,70.1,653,304,30,32,93.8,15,24,62.5,1,7,14.3,0,0.0,0.0,0.0,0,1,0,0,2
Takehiro Tomiyasu,JPN,DF,Arsenal,25.0,1998.0,0.1,3,4,75.0,42,10,1,1,100.0,2,2,100.0,0,1,0.0,0,0.0,0.0,0.0,0,0,0,0,1
Sandro Tonali,ITA,MF,Newcastle Utd,24.0,2000.0,29.2,1285,1535,83.7,20569,5348,672,745,90.2,468,537,87.2,99,157,63.1,2,2.2,2.8,-0.2,28,104,30,5,128
Pau Torres,ESP,DF,Aston Villa,27.0,1997.0,22.4,1217,1369,88.9,21319,7907,521,547,95.2,602,644,93.5,79,148,53.4,0,0.1,0.4,-0.1,3,110,8,0,97
Conor Townsend,ENG,DF,Ipswich Town,31.0,1993.0,3.7,80,127,63.0,1418,756,32,39,82.1,41,55,74.5,7,24,29.2,1,0.7,0.2,0.3,4,7,2,2,8
Adama Traoré,ESP,"FW,MF",Fulham,28.0,1996.0,19.7,424,587,72.2,6645,1683,236,286,82.5,143,194,73.7,30,54,55.6,7,4.9,4.5,2.1,42,36,38,22,68
Boubacar Traoré,MLI,MF,Wolves,22.0,2001.0,0.0,0,0,,0,0,0,0,,0,0,,0,0,,0,0.0,0.0,0.0,0,0,0,0,0
Mark Travers,IRL,GK,Bournemouth,25.0,1999.0,5.0,100,142,70.4,3469,2692,6,6,100.0,51,53,96.2,43,83,51.8,0,0.0,0.0,0.0,0,3,0,0,0
Ryan Trevitt,ENG,MF,Brentford,21.0,2003.0,0.0,4,7,57.1,73,23,1,2,50.0,3,3,100.0,0,0,,0,0.0,0.0,0.0,0,1,0,0,0
Kieran Trippier,ENG,DF,Newcastle Utd,33.0,1990.0,14.5,1036,1256,82.5,17676,6130,500,529,94.5,432,504,85.7,83,172,48.3,3,1.4,1.5,1.6,22,70,22,2,117
Leandro Trossard,BEL,FW,Arsenal,29.0,1994.0,28.3,711,954,74.5,11435,2972,377,439,85.9,275,357,77.0,43,87,49.4,7,6.1,4.1,0.9,41,45,48,10,101
Kostas Tsimikas,GRE,DF,Liverpool,28.0,1996.0,9.3,550,654,84.1,9357,3100,267,282,94.7,222,253,87.7,49,96,51.0,1,2.1,2.3,-1.1,16,42,12,4,76
Axel Tuanzebe,COD,DF,Ipswich Town,26.0,1997.0,19.0,682,814,83.8,10396,4020,380,416,91.3,260,314,82.8,28,49,57.1,1,0.3,0.3,0.7,5,63,6,1,61
Destiny Udogie,ITA,DF,Tottenham,21.0,2002.0,21.4,972,1115,87.2,14117,4770,544,597,91.1,371,412,90.0,26,33,78.8,1,1.5,1.2,-0.5,16,89,6,1,121
Manuel Ugarte,URU,MF,Manchester Utd,23.0,2001.0,19.8,800,910,87.9,13018,2801,410,457,89.7,310,333,93.1,62,83,74.7,2,1.1,0.7,0.9,10,59,9,3,61
Lesley Ugochukwu,FRA,MF,Southampton,20.0,2004.0,18.4,600,706,85.0,9335,2081,289,327,88.4,265,292,90.8,23,38,60.5,1,1.0,0.6,0.0,14,54,7,1,49
Enes Ünal,TUR,"FW,MF",Bournemouth,27.0,1997.0,3.8,63,99,63.6,685,192,40,52,76.9,17,28,60.7,0,1,0.0,1,0.4,0.3,0.6,4,4,4,0,12
Hákon Valdimarsson,ISL,GK,Brentford,22.0,2001.0,1.6,46,70,65.7,1445,1110,8,8,100.0,21,21,100.0,17,41,41.5,0,0.0,0.0,0.0,0,2,0,0,0
Virgil van Dijk,NED,DF,Liverpool,33.0,1991.0,37.0,2687,2934,91.6,49026,19099,1099,1142,96.2,1333,1397,95.4,229,341,67.2,1,0.7,1.0,0.3,12,290,7,0,198
Jamie Vardy,ENG,FW,Leicester City,37.0,1987.0,31.4,258,389,66.3,3776,424,141,190,74.2,86,114,75.4,15,22,68.2,4,3.0,2.6,1.0,19,11,10,1,22
Renato Veiga,POR,"DF,MF",Chelsea,21.0,2003.0,2.0,118,139,84.9,2171,435,45,51,88.2,55,61,90.2,13,21,61.9,0,0.0,0.2,0.0,0,6,1,0,7
Joël Veltman,NED,DF,Brighton,32.0,1992.0,18.9,745,929,80.2,12563,3243,365,406,89.9,307,380,80.8,63,99,63.6,0,0.5,1.3,-0.5,6,66,9,5,85
Micky van de Ven,NED,DF,Tottenham,23.0,2001.0,11.3,729,802,90.9,13817,4206,217,236,91.9,455,471,96.6,50,80,62.5,2,1.2,0.7,0.8,2,50,1,0,51
Bart Verbruggen,NED,GK,Brighton,21.0,2002.0,36.0,1011,1315,76.9,23986,16175,287,289,99.3,476,484,98.3,242,528,45.8,1,0.0,0.0,1.0,1,20,1,0,2
Jannik Vestergaard,DEN,DF,Leicester City,31.0,1992.0,15.5,870,959,90.7,14697,5807,397,418,95.0,416,444,93.7,48,81,59.3,0,0.1,0.1,-0.1,3,34,1,0,32
Guglielmo Vicario,ITA,GK,Tottenham,27.0,1996.0,24.0,764,874,87.4,15137,8856,237,239,99.2,431,446,96.6,89,180,49.4,0,0.0,0.0,0.0,0,2,0,0,1
Carlos Vinícius,BRA,"MF,FW",Fulham,29.0,1995.0,0.2,1,3,33.3,14,0,1,2,50.0,0,0,,0,0,,0,0.0,0.0,0.0,0,0,0,0,0
Kyle Walker,ENG,DF,Manchester City,34.0,1990.0,10.8,724,826,87.7,11928,3918,367,388,94.6,305,334,91.3,42,82,51.2,0,0.4,1.3,-0.4,7,63,7,4,64
Kyle Walker-Peters,ENG,DF,Southampton,27.0,1997.0,32.4,1493,1693,88.2,22418,6584,832,886,93.9,573,637,90.0,56,93,60.2,2,2.8,2.3,-0.8,24,119,30,4,139
Christian Walton,ENG,GK,Ipswich Town,28.0,1995.0,7.0,177,255,69.4,4784,3409,49,49,100.0,80,82,97.6,48,124,38.7,0,0.0,0.0,0.0,1,3,0,0,0
Aaron Wan-Bissaka,COD,DF,West Ham,26.0,1997.0,35.0,1472,1815,81.1,20696,7523,953,1056,90.2,449,550,81.6,48,105,45.7,5,3.5,2.8,1.5,33,94,35,11,149
Danny Ward,WAL,GK,Leicester City,31.0,1993.0,1.5,41,53,77.4,1162,949,6,6,100.0,20,20,100.0,15,27,55.6,0,0.0,0.0,0.0,0,2,0,0,0
Joel Ward,ENG,DF,Crystal Palace,34.0,1989.0,0.8,14,24,58.3,306,77,4,7,57.1,8,10,80.0,2,6,33.3,0,0.0,0.0,0.0,1,0,0,0,1
James Ward-Prowse,ENG,MF,West Ham,29.0,1994.0,11.5,677,768,88.2,11241,3140,354,369,95.9,257,281,91.5,56,96,58.3,1,1.9,1.8,-0.9,20,76,5,2,54
James Ward-Prowse,ENG,MF,Nott'ham Forest,29.0,1994.0,4.4,145,182,79.7,2296,768,82,88,93.2,53,61,86.9,8,23,34.8,1,1.1,0.8,-0.1,4,16,2,0,16
Ollie Watkins,ENG,FW,Aston Villa,28.0,1995.0,28.9,307,424,72.4,3915,656,192,246,78.0,85,110,77.3,9,13,69.2,8,3.3,2.1,4.7,24,12,13,0,31
Adam Webster,ENG,DF,Brighton,29.0,1995.0,9.9,636,725,87.7,11765,4541,242,257,94.2,333,354,94.1,53,97,54.6,0,0.5,0.3,-0.5,3,64,2,0,63
Danny Welbeck,ENG,FW,Brighton,33.0,1990.0,23.5,417,491,84.9,4936,1008,277,316,87.7,91,105,86.7,11,12,91.7,4,1.4,1.4,2.6,23,18,14,0,47
Welington,BRA,DF,Southampton,23.0,2001.0,5.4,145,186,78.0,2273,695,71,79,89.9,61,79,77.2,8,16,50.0,0,0.1,0.2,-0.1,3,8,5,4,11
Timo Werner,GER,"FW,MF",Tottenham,28.0,1996.0,5.7,158,236,66.9,2383,597,80,97,82.5,61,86,70.9,7,18,38.9,3,2.5,1.5,0.5,10,3,15,2,30
Adam Wharton,ENG,MF,Crystal Palace,20.0,2004.0,14.6,548,725,75.6,10271,3780,208,252,82.5,258,322,80.1,70,107,65.4,2,3.0,2.2,-1.0,26,78,18,5,107
Ben White,ENG,DF,Arsenal,26.0,1997.0,13.3,580,692,83.8,9173,2998,309,337,91.7,234,276,84.8,24,50,48.0,2,1.4,1.4,0.6,10,55,11,2,59
Mats Wieffer,NED,"DF,MF",Brighton,24.0,1999.0,11.3,594,698,85.1,9762,2650,286,317,90.2,258,298,86.6,38,50,76.0,3,1.6,1.0,1.4,16,53,9,2,62
Neco Williams,WAL,DF,Nott'ham Forest,23.0,2001.0,28.8,843,1116,75.5,12607,5011,488,540,90.4,282,391,72.1,40,107,37.4,3,1.6,1.5,1.4,18,69,22,10,89
Willian,BRA,"FW,MF",Fulham,35.0,1988.0,2.9,178,208,85.6,3198,855,86,91,94.5,75,88,85.2,17,23,73.9,0,0.5,0.7,-0.5,7,19,10,2,40
Joe Willock,ENG,"MF,FW",Newcastle Utd,24.0,1999.0,12.1,300,363,82.6,4282,903,174,195,89.2,107,123,87.0,10,22,45.5,2,2.1,0.9,-0.1,22,28,8,0,41
Callum Wilson,ENG,FW,Newcastle Utd,32.0,1992.0,4.1,40,53,75.5,504,89,22,27,81.5,13,16,81.3,0,0,,0,0.1,0.1,-0.1,3,2,0,0,4
Harry Wilson,WAL,"FW,MF",Fulham,27.0,1997.0,12.9,326,445,73.3,5413,1378,171,200,85.5,121,156,77.6,29,71,40.8,1,1.1,1.2,-0.1,20,26,15,1,51
Harry Winks,ENG,MF,Leicester City,28.0,1996.0,17.1,910,1045,87.1,14101,5048,471,511,92.2,362,397,91.2,44,76,57.9,2,1.2,1.5,0.8,17,110,7,5,101
Ben Winterburn,ENG,"MF,FW",Bournemouth,19.0,2004.0,0.3,5,7,71.4,93,44,2,3,66.7,3,4,75.0,0,0,,0,0.0,0.0,0.0,0,0,0,0,0
Yoane Wissa,COD,FW,Brentford,27.0,1996.0,32.4,450,588,76.5,6490,1617,284,331,85.8,124,166,74.7,28,49,57.1,4,2.6,1.8,1.4,27,44,13,1,67
Chris Wood,NZL,FW,Nott'ham Forest,32.0,1991.0,32.9,315,490,64.3,4434,1018,186,272,68.4,88,134,65.7,19,26,73.1,3,2.6,1.5,0.4,22,19,12,1,42
Nathan Wood-Gordon,ENG,DF,Southampton,22.0,2002.0,8.6,444,476,93.3,7532,1915,183,192,95.3,240,248,96.8,17,27,63.0,0,0.0,0.0,0.0,1,11,0,0,17
Luke Woolfenden,ENG,DF,Ipswich Town,25.0,1998.0,13.2,496,562,88.3,9196,3071,178,184,96.7,274,292,93.8,39,74,52.7,0,0.0,0.0,0.0,0,31,0,0,15
Yehor Yarmoliuk,UKR,MF,Brentford,20.0,2004.0,16.1,661,760,87.0,11716,2679,316,360,87.8,259,288,89.9,72,85,84.7,0,0.9,0.9,-0.9,9,71,8,4,63
Ryan Yates,ENG,MF,Nott'ham Forest,26.0,1997.0,21.3,618,758,81.5,9172,2063,324,370,87.6,225,263,85.6,32,56,57.1,1,1.2,0.5,-0.2,18,48,4,0,53
Leny Yoro,FRA,DF,Manchester Utd,18.0,2005.0,12.9,708,766,92.4,11513,3678,313,328,95.4,351,373,94.1,27,41,65.9,0,0.1,0.2,-0.1,2,44,5,1,52
Ashley Young,ENG,DF,Everton,39.0,1985.0,20.8,708,999,70.9,13051,5809,337,380,88.7,272,357,76.2,92,214,43.0,3,2.3,2.9,0.7,26,78,25,14,90
Illia Zabarnyi,UKR,DF,Bournemouth,21.0,2002.0,34.5,1404,1710,82.1,29649,10860,373,418,89.2,833,914,91.1,187,346,54.0,1,0.7,0.8,0.3,12,153,7,0,140
Oleksandr Zinchenko,UKR,"DF,MF",Arsenal,27.0,1996.0,5.9,382,451,84.7,6080,1345,204,220,92.7,154,175,88.0,17,37,45.9,1,0.2,0.5,0.8,3,30,11,3,48
Joshua Zirkzee,NED,"FW,MF",Manchester Utd,23.0,2001.0,15.6,292,410,71.2,3600,901,196,251,78.1,61,82,74.4,9,18,50.0,1,1.5,1.1,-0.5,12,26,6,0,44
Martin Ødegaard,NOR,MF,Arsenal,25.0,1998.0,25.8,1237,1499,82.5,19237,5460,678,749,90.5,449,517,86.8,80,146,54.8,8,5.4,6.7,2.6,63,132,86,5,258
